commodity_type,commodity,date,value,variable
expellers,canola_expellers,2023-04-01,40.0,production
expellers,canola_expellers,2023-05-01,40.0,production
expellers,canola_expellers,2023-06-01,5.0,production
grains,soybean,2024-01-01,2122727.0,crush
grains,sunflower,2024-01-01,217943.0,crush
grains,peanut,2024-01-01,10303.0,crush
grains,cotton,2024-01-01,530.0,crush
grains,canola,2024-01-01,483.0,crush
oil,soybean_oil,2024-01-01,417842.0,production
oil,sunflower_oil,2024-01-01,93978.0,production
oil,peanut_oil,2024-01-01,3956.0,production
oil,cotton_oil,2024-01-01,74.0,production
oil,canola_oil,2024-01-01,184.0,production
pellets,soybean_pellets,2024-01-01,1555180.0,production
pellets,sunflower_pellets,2024-01-01,95006.0,production
pellets,peanut_pellets,2024-01-01,5789.0,production
pellets,cotton_pellets,2024-01-01,440.0,production
pellets,canola_pellets,2024-01-01,275.0,production
expellers,soybean_expellers,2024-01-01,84379.0,production
expellers,sunflower_expellers,2024-01-01,3258.0,production
grains,soybean,2023-01-01,1885017.0,crush
grains,sunflower,2023-01-01,204410.0,crush
grains,linen,2023-01-01,50.0,crush
grains,peanut,2023-01-01,15383.0,crush
grains,cotton,2023-01-01,474.0,crush
oil,soybean_oil,2023-01-01,367518.0,production
oil,sunflower_oil,2023-01-01,83686.0,production
oil,linen_oil,2023-01-01,19.0,production
oil,peanut_oil,2023-01-01,5386.0,production
oil,cotton_oil,2023-01-01,62.0,production
pellets,soybean_pellets,2023-01-01,1362759.0,production
pellets,sunflower_pellets,2023-01-01,87413.0,production
pellets,peanut_pellets,2023-01-01,8897.0,production
pellets,cotton_pellets,2023-01-01,394.0,production
expellers,soybean_expellers,2023-01-01,73082.0,production
expellers,sunflower_expellers,2023-01-01,2437.0,production
expellers,linen_expellers,2023-01-01,31.0,production
grains,soybean,2023-02-01,1554451.0,crush
grains,sunflower,2023-02-01,224359.0,crush
grains,linen,2023-02-01,275.0,crush
grains,peanut,2023-02-01,15323.0,crush
grains,cotton,2023-02-01,270.0,crush
oil,soybean_oil,2023-02-01,301861.0,production
oil,sunflower_oil,2023-02-01,95217.0,production
oil,linen_oil,2023-02-01,105.0,production
oil,peanut_oil,2023-02-01,5672.0,production
oil,cotton_oil,2023-02-01,35.0,production
pellets,soybean_pellets,2023-02-01,1106890.0,production
pellets,sunflower_pellets,2023-02-01,98757.0,production
pellets,peanut_pellets,2023-02-01,8537.0,production
pellets,cotton_pellets,2023-02-01,224.0,production
expellers,soybean_expellers,2023-02-01,68183.0,production
expellers,sunflower_expellers,2023-02-01,2508.0,production
expellers,linen_expellers,2023-02-01,171.0,production
grains,soybean,2023-03-01,2111736.0,crush
grains,sunflower,2023-03-01,443656.0,crush
grains,peanut,2023-03-01,7535.0,crush
grains,cotton,2023-03-01,412.0,crush
oil,soybean_oil,2023-03-01,414086.0,production
oil,sunflower_oil,2023-03-01,190543.0,production
oil,peanut_oil,2023-03-01,2238.0,production
oil,cotton_oil,2023-03-01,54.0,production
pellets,soybean_pellets,2023-03-01,1541438.0,production
pellets,sunflower_pellets,2023-03-01,193559.0,production
pellets,peanut_pellets,2023-03-01,5241.0,production
pellets,cotton_pellets,2023-03-01,342.0,production
expellers,soybean_expellers,2023-03-01,85036.0,production
expellers,sunflower_expellers,2023-03-01,4655.0,production
grains,soybean,2023-04-01,2878991.0,crush
grains,sunflower,2023-04-01,419324.0,crush
grains,linen,2023-04-01,250.0,crush
grains,peanut,2023-04-01,15099.0,crush
grains,cotton,2023-04-01,6339.0,crush
grains,canola,2023-04-01,58.0,crush
oil,soybean_oil,2023-04-01,549342.0,production
oil,sunflower_oil,2023-04-01,180698.0,production
oil,linen_oil,2023-04-01,95.0,production
oil,peanut_oil,2023-04-01,5536.0,production
oil,cotton_oil,2023-04-01,1062.0,production
oil,canola_oil,2023-04-01,17.0,production
pellets,soybean_pellets,2023-04-01,2127724.0,production
pellets,sunflower_pellets,2023-04-01,183717.0,production
pellets,peanut_pellets,2023-04-01,8637.0,production
pellets,cotton_pellets,2023-04-01,4375.0,production
expellers,soybean_expellers,2023-04-01,81340.0,production
expellers,sunflower_expellers,2023-04-01,3359.0,production
expellers,linen_expellers,2023-04-01,155.0,production
grains,soybean,2023-05-01,3493949.0,crush
grains,sunflower,2023-05-01,419980.0,crush
grains,peanut,2023-05-01,3683.0,crush
grains,cotton,2023-05-01,9978.0,crush
grains,canola,2023-05-01,58.0,crush
oil,soybean_oil,2023-05-01,684859.0,production
oil,sunflower_oil,2023-05-01,180335.0,production
oil,peanut_oil,2023-05-01,1185.0,production
oil,cotton_oil,2023-05-01,1682.0,production
oil,canola_oil,2023-05-01,16.0,production
pellets,soybean_pellets,2023-05-01,2604952.0,production
pellets,sunflower_pellets,2023-05-01,180595.0,production
pellets,peanut_pellets,2023-05-01,2445.0,production
pellets,cotton_pellets,2023-05-01,7311.0,production
expellers,soybean_expellers,2023-05-01,88159.0,production
expellers,sunflower_expellers,2023-05-01,3638.0,production
grains,soybean,2023-06-01,3017678.0,crush
grains,sunflower,2023-06-01,348134.0,crush
grains,peanut,2023-06-01,15437.0,crush
grains,cotton,2023-06-01,23603.0,crush
grains,canola,2023-06-01,7.0,crush
oil,soybean_oil,2023-06-01,578535.0,production
oil,sunflower_oil,2023-06-01,151271.0,production
oil,peanut_oil,2023-06-01,5388.0,production
oil,cotton_oil,2023-06-01,3999.0,production
oil,canola_oil,2023-06-01,2.0,production
pellets,soybean_pellets,2023-06-01,2164635.0,production
pellets,sunflower_pellets,2023-06-01,157761.0,production
pellets,peanut_pellets,2023-06-01,8773.0,production
pellets,cotton_pellets,2023-06-01,16238.0,production
expellers,soybean_expellers,2023-06-01,150324.0,production
expellers,sunflower_expellers,2023-06-01,2989.0,production
expellers,peanut_expellers,2023-06-01,2.0,production
grains,soybean,2023-07-01,2551641.0,crush
grains,sunflower,2023-07-01,402141.0,crush
grains,peanut,2023-07-01,3560.0,crush
grains,cotton,2023-07-01,25995.0,crush
oil,soybean_oil,2023-07-01,493042.0,production
oil,sunflower_oil,2023-07-01,177881.0,production
oil,peanut_oil,2023-07-01,934.0,production
oil,cotton_oil,2023-07-01,4285.0,production
pellets,soybean_pellets,2023-07-01,1831723.0,production
pellets,sunflower_pellets,2023-07-01,183704.0,production
pellets,peanut_pellets,2023-07-01,2415.0,production
pellets,cotton_pellets,2023-07-01,18387.0,production
expellers,soybean_expellers,2023-07-01,124997.0,production
expellers,sunflower_expellers,2023-07-01,3753.0,production
grains,soybean,2023-08-01,2078639.0,crush
grains,sunflower,2023-08-01,405950.0,crush
grains,linen,2023-08-01,100.0,crush
grains,peanut,2023-08-01,16715.0,crush
grains,cotton,2023-08-01,16894.0,crush
oil,soybean_oil,2023-08-01,405589.0,production
oil,sunflower_oil,2023-08-01,174631.0,production
oil,linen_oil,2023-08-01,38.0,production
oil,peanut_oil,2023-08-01,5948.0,production
oil,cotton_oil,2023-08-01,2700.0,production
pellets,soybean_pellets,2023-08-01,1501151.0,production
pellets,sunflower_pellets,2023-08-01,185358.0,production
pellets,peanut_pellets,2023-08-01,8303.0,production
pellets,cotton_pellets,2023-08-01,12376.0,production
expellers,soybean_expellers,2023-08-01,107280.0,production
expellers,sunflower_expellers,2023-08-01,4907.0,production
expellers,linen_expellers,2023-08-01,62.0,production
expellers,peanut_expellers,2023-08-01,1207.0,production
expellers,cotton_expellers,2023-08-01,156.0,production
grains,soybean,2023-09-01,1907363.0,crush
grains,sunflower,2023-09-01,353168.0,crush
grains,peanut,2023-09-01,3883.0,crush
grains,cotton,2023-09-01,20149.0,crush
grains,canola,2023-09-01,48.0,crush
oil,soybean_oil,2023-09-01,370562.0,production
oil,sunflower_oil,2023-09-01,154790.0,production
oil,peanut_oil,2023-09-01,970.0,production
oil,cotton_oil,2023-09-01,3208.0,production
oil,canola_oil,2023-09-01,21.0,production
pellets,soybean_pellets,2023-09-01,1370616.0,production
pellets,sunflower_pellets,2023-09-01,147237.0,production
pellets,peanut_pellets,2023-09-01,942.0,production
pellets,cotton_pellets,2023-09-01,14312.0,production
expellers,soybean_expellers,2023-09-01,100011.0,production
expellers,sunflower_expellers,2023-09-01,3891.0,production
expellers,peanut_expellers,2023-09-01,1449.0,production
expellers,cotton_expellers,2023-09-01,237.0,production
grains,soybean,2023-10-01,1860826.0,crush
grains,sunflower,2023-10-01,256492.0,crush
grains,linen,2023-10-01,150.0,crush
grains,peanut,2023-10-01,19436.0,crush
grains,cotton,2023-10-01,27285.0,crush
grains,canola,2023-10-01,20.0,crush
oil,soybean_oil,2023-10-01,361359.0,production
oil,sunflower_oil,2023-10-01,115691.0,production
oil,linen_oil,2023-10-01,45.0,production
oil,peanut_oil,2023-10-01,6866.0,production
oil,cotton_oil,2023-10-01,4380.0,production
oil,canola_oil,2023-10-01,9.0,production
pellets,soybean_pellets,2023-10-01,1331317.0,production
pellets,sunflower_pellets,2023-10-01,107569.0,production
pellets,peanut_pellets,2023-10-01,9248.0,production
pellets,cotton_pellets,2023-10-01,19065.0,production
expellers,soybean_expellers,2023-10-01,95842.0,production
expellers,sunflower_expellers,2023-10-01,3891.0,production
expellers,linen_expellers,2023-10-01,105.0,production
expellers,peanut_expellers,2023-10-01,768.0,production
expellers,cotton_expellers,2023-10-01,110.0,production
grains,soybean,2023-11-01,1898983.0,crush
grains,sunflower,2023-11-01,231580.0,crush
grains,peanut,2023-11-01,5115.0,crush
grains,cotton,2023-11-01,7531.0,crush
grains,canola,2023-11-01,10.0,crush
oil,soybean_oil,2023-11-01,369693.0,production
oil,sunflower_oil,2023-11-01,105394.0,production
oil,peanut_oil,2023-11-01,1472.0,production
oil,cotton_oil,2023-11-01,1465.0,production
oil,canola_oil,2023-11-01,5.0,production
pellets,soybean_pellets,2023-11-01,1362400.0,production
pellets,sunflower_pellets,2023-11-01,94862.0,production
pellets,peanut_pellets,2023-11-01,1357.0,production
pellets,cotton_pellets,2023-11-01,6871.0,production
expellers,soybean_expellers,2023-11-01,92736.0,production
expellers,sunflower_expellers,2023-11-01,3863.0,production
expellers,peanut_expellers,2023-11-01,1384.0,production
grains,soybean,2023-12-01,1901089.0,crush
grains,sunflower,2023-12-01,217242.0,crush
grains,linen,2023-12-01,300.0,crush
grains,peanut,2023-12-01,12554.0,crush
grains,cotton,2023-12-01,349.0,crush
oil,soybean_oil,2023-12-01,373602.0,production
oil,sunflower_oil,2023-12-01,99374.0,production
oil,linen_oil,2023-12-01,90.0,production
oil,peanut_oil,2023-12-01,5127.0,production
oil,cotton_oil,2023-12-01,43.0,production
pellets,soybean_pellets,2023-12-01,1362098.0,production
pellets,sunflower_pellets,2023-12-01,91454.0,production
pellets,peanut_pellets,2023-12-01,6713.0,production
pellets,cotton_pellets,2023-12-01,290.0,production
expellers,soybean_expellers,2023-12-01,89463.0,production
expellers,sunflower_expellers,2023-12-01,2797.0,production
expellers,linen_expellers,2023-12-01,210.0,production
expellers,peanut_expellers,2023-12-01,241.0,production
grains,soybean,2022-01-01,2517871.0,crush
grains,sunflower,2022-01-01,165313.0,crush
grains,linen,2022-01-01,20.0,crush
grains,peanut,2022-01-01,30491.0,crush
grains,cotton,2022-01-01,209.0,crush
oil,soybean_oil,2022-01-01,494530.0,production
oil,sunflower_oil,2022-01-01,70796.0,production
oil,linen_oil,2022-01-01,5.0,production
oil,peanut_oil,2022-01-01,11714.0,production
oil,cotton_oil,2022-01-01,26.0,production
pellets,soybean_pellets,2022-01-01,1813513.0,production
pellets,sunflower_pellets,2022-01-01,71552.0,production
pellets,peanut_pellets,2022-01-01,17074.0,production
pellets,cotton_pellets,2022-01-01,174.0,production
expellers,soybean_expellers,2022-01-01,76968.0,production
expellers,sunflower_expellers,2022-01-01,921.0,production
expellers,linen_expellers,2022-01-01,14.0,production
grains,soybean,2022-02-01,2643817.0,crush
grains,sunflower,2022-02-01,236135.0,crush
grains,linen,2022-02-01,100.0,crush
grains,peanut,2022-02-01,17797.0,crush
grains,cotton,2022-02-01,426.0,crush
grains,canola,2022-02-01,45.0,crush
oil,soybean_oil,2022-02-01,519085.0,production
oil,sunflower_oil,2022-02-01,100141.0,production
oil,linen_oil,2022-02-01,25.0,production
oil,peanut_oil,2022-02-01,7173.0,production
oil,cotton_oil,2022-02-01,52.0,production
oil,canola_oil,2022-02-01,10.0,production
pellets,soybean_pellets,2022-02-01,1913910.0,production
pellets,sunflower_pellets,2022-02-01,99670.0,production
pellets,peanut_pellets,2022-02-01,10088.0,production
pellets,cotton_pellets,2022-02-01,354.0,production
expellers,soybean_expellers,2022-02-01,74947.0,production
expellers,sunflower_expellers,2022-02-01,1154.0,production
expellers,linen_expellers,2022-02-01,72.0,production
expellers,canola_expellers,2022-02-01,27.0,production
grains,soybean,2022-03-01,2934752.0,crush
grains,sunflower,2022-03-01,400691.0,crush
grains,linen,2022-03-01,50.0,crush
grains,peanut,2022-03-01,4054.0,crush
grains,cotton,2022-03-01,474.0,crush
grains,canola,2022-03-01,33.0,crush
oil,soybean_oil,2022-03-01,576491.0,production
oil,sunflower_oil,2022-03-01,174777.0,production
oil,linen_oil,2022-03-01,19.0,production
oil,peanut_oil,2022-03-01,1255.0,production
oil,cotton_oil,2022-03-01,58.0,production
oil,canola_oil,2022-03-01,9.0,production
pellets,soybean_pellets,2022-03-01,2088646.0,production
pellets,sunflower_pellets,2022-03-01,149641.0,production
pellets,peanut_pellets,2022-03-01,2445.0,production
pellets,cotton_pellets,2022-03-01,476.0,production
expellers,soybean_expellers,2022-03-01,86327.0,production
expellers,sunflower_expellers,2022-03-01,2563.0,production
expellers,linen_expellers,2022-03-01,31.0,production
expellers,canola_expellers,2022-03-01,20.0,production
grains,soybean,2022-04-01,3927838.0,crush
grains,sunflower,2022-04-01,429264.0,crush
grains,peanut,2022-04-01,6013.0,crush
grains,cotton,2022-04-01,565.0,crush
grains,canola,2022-04-01,26.0,crush
oil,soybean_oil,2022-04-01,781254.0,production
oil,sunflower_oil,2022-04-01,189574.0,production
oil,peanut_oil,2022-04-01,2055.0,production
oil,cotton_oil,2022-04-01,68.0,production
oil,canola_oil,2022-04-01,6.0,production
pellets,soybean_pellets,2022-04-01,2838110.0,production
pellets,sunflower_pellets,2022-04-01,172080.0,production
pellets,peanut_pellets,2022-04-01,3883.0,production
pellets,cotton_pellets,2022-04-01,469.0,production
expellers,soybean_expellers,2022-04-01,82287.0,production
expellers,sunflower_expellers,2022-04-01,3652.0,production
expellers,canola_expellers,2022-04-01,19.0,production
grains,soybean,2022-05-01,4142910.0,crush
grains,sunflower,2022-05-01,361566.0,crush
grains,linen,2022-05-01,70.0,crush
grains,peanut,2022-05-01,38900.0,crush
grains,cotton,2022-05-01,20881.0,crush
grains,canola,2022-05-01,40.0,crush
oil,soybean_oil,2022-05-01,791530.0,production
oil,sunflower_oil,2022-05-01,157761.0,production
oil,linen_oil,2022-05-01,27.0,production
oil,peanut_oil,2022-05-01,16309.0,production
oil,cotton_oil,2022-05-01,3389.0,production
oil,canola_oil,2022-05-01,12.0,production
pellets,soybean_pellets,2022-05-01,3024748.0,production
pellets,sunflower_pellets,2022-05-01,145907.0,production
pellets,peanut_pellets,2022-05-01,21748.0,production
pellets,cotton_pellets,2022-05-01,14983.0,production
expellers,soybean_expellers,2022-05-01,88619.0,production
expellers,sunflower_expellers,2022-05-01,3250.0,production
expellers,linen_expellers,2022-05-01,43.0,production
expellers,canola_expellers,2022-05-01,24.0,production
grains,soybean,2022-06-01,3931703.0,crush
grains,sunflower,2022-06-01,408529.0,crush
grains,linen,2022-06-01,85.0,crush
grains,peanut,2022-06-01,7551.0,crush
grains,cotton,2022-06-01,20460.0,crush
oil,soybean_oil,2022-06-01,751602.0,production
oil,sunflower_oil,2022-06-01,185251.0,production
oil,linen_oil,2022-06-01,32.0,production
oil,peanut_oil,2022-06-01,2431.0,production
oil,cotton_oil,2022-06-01,3364.0,production
pellets,soybean_pellets,2022-06-01,2846609.0,production
pellets,sunflower_pellets,2022-06-01,178378.0,production
pellets,peanut_pellets,2022-06-01,5081.0,production
pellets,cotton_pellets,2022-06-01,14053.0,production
expellers,soybean_expellers,2022-06-01,98857.0,production
expellers,sunflower_expellers,2022-06-01,3679.0,production
expellers,linen_expellers,2022-06-01,53.0,production
grains,soybean,2022-07-01,3479766.0,crush
grains,sunflower,2022-07-01,377426.0,crush
grains,peanut,2022-07-01,20796.0,crush
grains,cotton,2022-07-01,27953.0,crush
oil,soybean_oil,2022-07-01,663878.0,production
oil,sunflower_oil,2022-07-01,167809.0,production
oil,peanut_oil,2022-07-01,8005.0,production
oil,cotton_oil,2022-07-01,4598.0,production
pellets,soybean_pellets,2022-07-01,2507935.0,production
pellets,sunflower_pellets,2022-07-01,163694.0,production
pellets,peanut_pellets,2022-07-01,11783.0,production
pellets,cotton_pellets,2022-07-01,19635.0,production
expellers,soybean_expellers,2022-07-01,94952.0,production
expellers,sunflower_expellers,2022-07-01,4017.0,production
grains,soybean,2022-08-01,3146980.0,crush
grains,sunflower,2022-08-01,312395.0,crush
grains,linen,2022-08-01,63.0,crush
grains,peanut,2022-08-01,21735.0,crush
grains,cotton,2022-08-01,22708.0,crush
grains,canola,2022-08-01,36.0,crush
oil,soybean_oil,2022-08-01,602365.0,production
oil,sunflower_oil,2022-08-01,138484.0,production
oil,linen_oil,2022-08-01,24.0,production
oil,peanut_oil,2022-08-01,7994.0,production
oil,cotton_oil,2022-08-01,3813.0,production
oil,canola_oil,2022-08-01,6.0,production
pellets,soybean_pellets,2022-08-01,2251800.0,production
pellets,sunflower_pellets,2022-08-01,135776.0,production
pellets,peanut_pellets,2022-08-01,12243.0,production
pellets,cotton_pellets,2022-08-01,16345.0,production
expellers,soybean_expellers,2022-08-01,108571.0,production
expellers,sunflower_expellers,2022-08-01,4815.0,production
expellers,linen_expellers,2022-08-01,39.0,production
expellers,canola_expellers,2022-08-01,22.0,production
grains,soybean,2022-09-01,2873464.0,crush
grains,sunflower,2022-09-01,202234.0,crush
grains,peanut,2022-09-01,20243.0,crush
grains,cotton,2022-09-01,23919.0,crush
grains,canola,2022-09-01,28.0,crush
oil,soybean_oil,2022-09-01,551443.0,production
oil,sunflower_oil,2022-09-01,91192.0,production
oil,peanut_oil,2022-09-01,7583.0,production
oil,cotton_oil,2022-09-01,3816.0,production
oil,canola_oil,2022-09-01,7.0,production
pellets,soybean_pellets,2022-09-01,2048590.0,production
pellets,sunflower_pellets,2022-09-01,86429.0,production
pellets,peanut_pellets,2022-09-01,11595.0,production
pellets,cotton_pellets,2022-09-01,16934.0,production
expellers,soybean_expellers,2022-09-01,99502.0,production
expellers,sunflower_expellers,2022-09-01,5011.0,production
expellers,canola_expellers,2022-09-01,16.0,production
grains,soybean,2022-10-01,2916139.0,crush
grains,sunflower,2022-10-01,150518.0,crush
grains,linen,2022-10-01,78.0,crush
grains,peanut,2022-10-01,23147.0,crush
grains,cotton,2022-10-01,11327.0,crush
grains,canola,2022-10-01,37.0,crush
oil,soybean_oil,2022-10-01,564739.0,production
oil,sunflower_oil,2022-10-01,67899.0,production
oil,linen_oil,2022-10-01,29.0,production
oil,peanut_oil,2022-10-01,7499.0,production
oil,cotton_oil,2022-10-01,1784.0,production
oil,canola_oil,2022-10-01,7.0,production
pellets,soybean_pellets,2022-10-01,2097498.0,production
pellets,sunflower_pellets,2022-10-01,61791.0,production
pellets,peanut_pellets,2022-10-01,13115.0,production
pellets,cotton_pellets,2022-10-01,8526.0,production
expellers,soybean_expellers,2022-10-01,89031.0,production
expellers,sunflower_expellers,2022-10-01,4029.0,production
expellers,linen_expellers,2022-10-01,48.0,production
expellers,canola_expellers,2022-10-01,20.0,production
grains,soybean,2022-11-01,3323050.0,crush
grains,sunflower,2022-11-01,150460.0,crush
grains,peanut,2022-11-01,5903.0,crush
grains,cotton,2022-11-01,2897.0,crush
grains,canola,2022-11-01,35.0,crush
oil,soybean_oil,2022-11-01,644807.0,production
oil,sunflower_oil,2022-11-01,66891.0,production
oil,peanut_oil,2022-11-01,2011.0,production
oil,cotton_oil,2022-11-01,380.0,production
oil,canola_oil,2022-11-01,10.0,production
pellets,soybean_pellets,2022-11-01,2393207.0,production
pellets,sunflower_pellets,2022-11-01,62816.0,production
pellets,peanut_pellets,2022-11-01,3971.0,production
pellets,cotton_pellets,2022-11-01,2046.0,production
expellers,soybean_expellers,2022-11-01,93691.0,production
expellers,sunflower_expellers,2022-11-01,3345.0,production
expellers,canola_expellers,2022-11-01,24.0,production
grains,soybean,2022-12-01,2622045.0,crush
grains,sunflower,2022-12-01,189318.0,crush
grains,peanut,2022-12-01,22155.0,crush
grains,cotton,2022-12-01,623.0,crush
grains,safflower,2022-12-01,615.0,crush
grains,canola,2022-12-01,3185.0,crush
oil,soybean_oil,2022-12-01,505966.0,production
oil,sunflower_oil,2022-12-01,87052.0,production
oil,peanut_oil,2022-12-01,8254.0,production
oil,cotton_oil,2022-12-01,77.0,production
oil,safflower_oil,2022-12-01,190.0,production
oil,canola_oil,2022-12-01,1091.0,production
pellets,soybean_pellets,2022-12-01,1872995.0,production
pellets,sunflower_pellets,2022-12-01,82981.0,production
pellets,peanut_pellets,2022-12-01,12481.0,production
pellets,cotton_pellets,2022-12-01,501.0,production
pellets,safflower_pellets,2022-12-01,361.0,production
pellets,canola_pellets,2022-12-01,2076.0,production
expellers,soybean_expellers,2022-12-01,85398.0,production
expellers,sunflower_expellers,2022-12-01,2910.0,production
expellers,canola_expellers,2022-12-01,15.0,production
grains,soybean,2021-01-01,3228878.0,crush
grains,sunflower,2021-01-01,164823.0,crush
grains,linen,2021-01-01,30.0,crush
grains,peanut,2021-01-01,15036.0,crush
grains,cotton,2021-01-01,207.0,crush
oil,soybean_oil,2021-01-01,642793.0,production
oil,sunflower_oil,2021-01-01,71586.0,production
oil,linen_oil,2021-01-01,11.0,production
oil,peanut_oil,2021-01-01,5746.0,production
oil,cotton_oil,2021-01-01,27.0,production
pellets,soybean_pellets,2021-01-01,2381185.0,production
pellets,sunflower_pellets,2021-01-01,69387.0,production
pellets,peanut_pellets,2021-01-01,8259.0,production
pellets,cotton_pellets,2021-01-01,234.0,production
expellers,soybean_expellers,2021-01-01,81628.0,production
expellers,sunflower_expellers,2021-01-01,922.0,production
expellers,linen_expellers,2021-01-01,18.0,production
grains,soybean,2021-02-01,2855756.0,crush
grains,sunflower,2021-02-01,203027.0,crush
grains,linen,2021-02-01,149.0,crush
grains,peanut,2021-02-01,13325.0,crush
grains,cotton,2021-02-01,203.0,crush
oil,soybean_oil,2021-02-01,571696.0,production
oil,sunflower_oil,2021-02-01,88174.0,production
oil,linen_oil,2021-02-01,54.0,production
oil,peanut_oil,2021-02-01,5093.0,production
oil,cotton_oil,2021-02-01,26.0,production
pellets,soybean_pellets,2021-02-01,2075666.0,production
pellets,sunflower_pellets,2021-02-01,83778.0,production
pellets,peanut_pellets,2021-02-01,7392.0,production
pellets,cotton_pellets,2021-02-01,207.0,production
expellers,soybean_expellers,2021-02-01,70575.0,production
expellers,sunflower_expellers,2021-02-01,1056.0,production
expellers,linen_expellers,2021-02-01,91.0,production
grains,soybean,2021-03-01,3395949.0,crush
grains,sunflower,2021-03-01,388901.0,crush
grains,linen,2021-03-01,263.0,crush
grains,peanut,2021-03-01,16657.0,crush
grains,cotton,2021-03-01,177.0,crush
grains,canola,2021-03-01,28.0,crush
oil,soybean_oil,2021-03-01,681774.0,production
oil,sunflower_oil,2021-03-01,165456.0,production
oil,linen_oil,2021-03-01,84.0,production
oil,peanut_oil,2021-03-01,5179.0,production
oil,cotton_oil,2021-03-01,22.0,production
oil,canola_oil,2021-03-01,10.0,production
pellets,soybean_pellets,2021-03-01,2473608.0,production
pellets,sunflower_pellets,2021-03-01,153046.0,production
pellets,peanut_pellets,2021-03-01,8012.0,production
pellets,cotton_pellets,2021-03-01,175.0,production
expellers,soybean_expellers,2021-03-01,88407.0,production
expellers,sunflower_expellers,2021-03-01,1707.0,production
expellers,linen_expellers,2021-03-01,171.0,production
expellers,canola_expellers,2021-03-01,16.0,production
grains,soybean,2021-04-01,4212341.0,crush
grains,sunflower,2021-04-01,396973.0,crush
grains,linen,2021-04-01,150.0,crush
grains,peanut,2021-04-01,3585.0,crush
grains,cotton,2021-04-01,4416.0,crush
grains,canola,2021-04-01,401.0,crush
oil,soybean_oil,2021-04-01,844717.0,production
oil,sunflower_oil,2021-04-01,168699.0,production
oil,linen_oil,2021-04-01,48.0,production
oil,peanut_oil,2021-04-01,1259.0,production
oil,cotton_oil,2021-04-01,707.0,production
oil,canola_oil,2021-04-01,55.0,production
pellets,soybean_pellets,2021-04-01,3062469.0,production
pellets,sunflower_pellets,2021-04-01,156596.0,production
pellets,peanut_pellets,2021-04-01,3339.0,production
pellets,cotton_pellets,2021-04-01,3109.0,production
expellers,soybean_expellers,2021-04-01,78800.0,production
expellers,sunflower_expellers,2021-04-01,2052.0,production
expellers,linen_expellers,2021-04-01,98.0,production
expellers,canola_expellers,2021-04-01,33.0,production
grains,soybean,2021-05-01,4300687.0,crush
grains,sunflower,2021-05-01,334791.0,crush
grains,linen,2021-05-01,50.0,crush
grains,peanut,2021-05-01,9362.0,crush
grains,cotton,2021-05-01,24908.0,crush
grains,canola,2021-05-01,32.0,crush
oil,soybean_oil,2021-05-01,848049.0,production
oil,sunflower_oil,2021-05-01,140014.0,production
oil,linen_oil,2021-05-01,13.0,production
oil,peanut_oil,2021-05-01,3595.0,production
oil,cotton_oil,2021-05-01,4161.0,production
oil,canola_oil,2021-05-01,6.0,production
pellets,soybean_pellets,2021-05-01,3144730.0,production
pellets,sunflower_pellets,2021-05-01,127047.0,production
pellets,peanut_pellets,2021-05-01,5358.0,production
pellets,cotton_pellets,2021-05-01,17816.0,production
expellers,soybean_expellers,2021-05-01,77038.0,production
expellers,sunflower_expellers,2021-05-01,2564.0,production
expellers,linen_expellers,2021-05-01,36.0,production
expellers,canola_expellers,2021-05-01,18.0,production
grains,soybean,2021-06-01,4096192.0,crush
grains,sunflower,2021-06-01,366337.0,crush
grains,linen,2021-06-01,200.0,crush
grains,peanut,2021-06-01,5447.0,crush
grains,cotton,2021-06-01,28766.0,crush
grains,canola,2021-06-01,23.0,crush
oil,soybean_oil,2021-06-01,818549.0,production
oil,sunflower_oil,2021-06-01,157984.0,production
oil,linen_oil,2021-06-01,50.0,production
oil,peanut_oil,2021-06-01,1987.0,production
oil,cotton_oil,2021-06-01,4851.0,production
oil,canola_oil,2021-06-01,6.0,production
pellets,soybean_pellets,2021-06-01,3037797.0,production
pellets,sunflower_pellets,2021-06-01,144358.0,production
pellets,peanut_pellets,2021-06-01,3380.0,production
pellets,cotton_pellets,2021-06-01,19882.0,production
expellers,soybean_expellers,2021-06-01,87111.0,production
expellers,sunflower_expellers,2021-06-01,2172.0,production
expellers,linen_expellers,2021-06-01,144.0,production
expellers,canola_expellers,2021-06-01,15.0,production
grains,soybean,2021-07-01,3855443.0,crush
grains,sunflower,2021-07-01,325992.0,crush
grains,linen,2021-07-01,65.0,crush
grains,peanut,2021-07-01,28501.0,crush
grains,cotton,2021-07-01,27323.0,crush
grains,canola,2021-07-01,50.0,crush
oil,soybean_oil,2021-07-01,753208.0,production
oil,sunflower_oil,2021-07-01,141457.0,production
oil,linen_oil,2021-07-01,16.0,production
oil,peanut_oil,2021-07-01,11485.0,production
oil,cotton_oil,2021-07-01,4612.0,production
oil,canola_oil,2021-07-01,11.0,production
pellets,soybean_pellets,2021-07-01,2770260.0,production
pellets,sunflower_pellets,2021-07-01,129042.0,production
pellets,peanut_pellets,2021-07-01,15983.0,production
pellets,cotton_pellets,2021-07-01,18856.0,production
expellers,soybean_expellers,2021-07-01,88774.0,production
expellers,sunflower_expellers,2021-07-01,2640.0,production
expellers,linen_expellers,2021-07-01,47.0,production
expellers,canola_expellers,2021-07-01,33.0,production
grains,soybean,2021-08-01,3574880.0,crush
grains,sunflower,2021-08-01,299808.0,crush
grains,peanut,2021-08-01,16997.0,crush
grains,cotton,2021-08-01,14358.0,crush
grains,canola,2021-08-01,68.0,crush
oil,soybean_oil,2021-08-01,701376.0,production
oil,sunflower_oil,2021-08-01,128828.0,production
oil,peanut_oil,2021-08-01,6359.0,production
oil,cotton_oil,2021-08-01,2411.0,production
oil,canola_oil,2021-08-01,18.0,production
pellets,soybean_pellets,2021-08-01,2593451.0,production
pellets,sunflower_pellets,2021-08-01,116845.0,production
pellets,peanut_pellets,2021-08-01,9589.0,production
pellets,cotton_pellets,2021-08-01,10298.0,production
expellers,soybean_expellers,2021-08-01,91209.0,production
expellers,sunflower_expellers,2021-08-01,1792.0,production
expellers,canola_expellers,2021-08-01,34.0,production
grains,soybean,2021-09-01,3701792.0,crush
grains,sunflower,2021-09-01,202531.0,crush
grains,linen,2021-09-01,30.0,crush
grains,peanut,2021-09-01,16871.0,crush
grains,cotton,2021-09-01,17509.0,crush
oil,soybean_oil,2021-09-01,712776.0,production
oil,sunflower_oil,2021-09-01,91313.0,production
oil,linen_oil,2021-09-01,8.0,production
oil,peanut_oil,2021-09-01,6272.0,production
oil,cotton_oil,2021-09-01,3060.0,production
pellets,soybean_pellets,2021-09-01,2693125.0,production
pellets,sunflower_pellets,2021-09-01,81385.0,production
pellets,peanut_pellets,2021-09-01,9781.0,production
pellets,cotton_pellets,2021-09-01,12209.0,production
expellers,soybean_expellers,2021-09-01,90213.0,production
expellers,sunflower_expellers,2021-09-01,2123.0,production
expellers,linen_expellers,2021-09-01,22.0,production
grains,soybean,2021-10-01,3338045.0,crush
grains,sunflower,2021-10-01,153150.0,crush
grains,linen,2021-10-01,30.0,crush
grains,peanut,2021-10-01,20613.0,crush
grains,cotton,2021-10-01,664.0,crush
oil,soybean_oil,2021-10-01,658126.0,production
oil,sunflower_oil,2021-10-01,68971.0,production
oil,linen_oil,2021-10-01,8.0,production
oil,peanut_oil,2021-10-01,8169.0,production
oil,cotton_oil,2021-10-01,87.0,production
pellets,soybean_pellets,2021-10-01,2435948.0,production
pellets,sunflower_pellets,2021-10-01,59103.0,production
pellets,peanut_pellets,2021-10-01,11556.0,production
pellets,cotton_pellets,2021-10-01,592.0,production
expellers,soybean_expellers,2021-10-01,86984.0,production
expellers,sunflower_expellers,2021-10-01,1949.0,production
expellers,linen_expellers,2021-10-01,22.0,production
grains,soybean,2021-11-01,2920428.0,crush
grains,sunflower,2021-11-01,147116.0,crush
grains,peanut,2021-11-01,15496.0,crush
grains,cotton,2021-11-01,714.0,crush
grains,canola,2021-11-01,41.0,crush
oil,soybean_oil,2021-11-01,576349.0,production
oil,sunflower_oil,2021-11-01,64306.0,production
oil,peanut_oil,2021-11-01,6558.0,production
oil,cotton_oil,2021-11-01,93.0,production
oil,canola_oil,2021-11-01,12.0,production
pellets,soybean_pellets,2021-11-01,2086866.0,production
pellets,sunflower_pellets,2021-11-01,59831.0,production
pellets,peanut_pellets,2021-11-01,8875.0,production
pellets,cotton_pellets,2021-11-01,663.0,production
expellers,soybean_expellers,2021-11-01,88647.0,production
expellers,sunflower_expellers,2021-11-01,2670.0,production
expellers,canola_expellers,2021-11-01,25.0,production
grains,soybean,2021-12-01,2957255.0,crush
grains,sunflower,2021-12-01,122748.0,crush
grains,linen,2021-12-01,20.0,crush
grains,peanut,2021-12-01,3452.0,crush
grains,cotton,2021-12-01,420.0,crush
grains,safflower,2021-12-01,1955.0,crush
grains,canola,2021-12-01,36.0,crush
oil,soybean_oil,2021-12-01,582630.0,production
oil,sunflower_oil,2021-12-01,53771.0,production
oil,linen_oil,2021-12-01,5.0,production
oil,peanut_oil,2021-12-01,1161.0,production
oil,cotton_oil,2021-12-01,53.0,production
oil,safflower_oil,2021-12-01,733.0,production
oil,canola_oil,2021-12-01,11.0,production
pellets,soybean_pellets,2021-12-01,2134215.0,production
pellets,sunflower_pellets,2021-12-01,51175.0,production
pellets,peanut_pellets,2021-12-01,2083.0,production
pellets,cotton_pellets,2021-12-01,360.0,production
pellets,safflower_pellets,2021-12-01,1085.0,production
expellers,soybean_expellers,2021-12-01,87925.0,production
expellers,sunflower_expellers,2021-12-01,3284.0,production
expellers,linen_expellers,2021-12-01,14.0,production
expellers,canola_expellers,2021-12-01,22.0,production
grains,soybean,2020-01-01,2321770.0,crush
grains,sunflower,2020-01-01,174613.0,crush
grains,linen,2020-01-01,90.0,crush
grains,peanut,2020-01-01,21971.0,crush
grains,cotton,2020-01-01,262.0,crush
oil,soybean_oil,2020-01-01,449859.0,production
oil,sunflower_oil,2020-01-01,75078.0,production
oil,linen_oil,2020-01-01,29.0,production
oil,peanut_oil,2020-01-01,8111.0,production
oil,cotton_oil,2020-01-01,28.0,production
pellets,soybean_pellets,2020-01-01,1657584.0,production
pellets,sunflower_pellets,2020-01-01,76955.0,production
pellets,peanut_pellets,2020-01-01,12424.0,production
pellets,cotton_pellets,2020-01-01,220.0,production
expellers,soybean_expellers,2020-01-01,73696.0,production
expellers,sunflower_expellers,2020-01-01,789.0,production
expellers,linen_expellers,2020-01-01,59.0,production
grains,soybean,2020-02-01,2633492.0,crush
grains,sunflower,2020-02-01,211399.0,crush
grains,linen,2020-02-01,267.0,crush
grains,peanut,2020-02-01,13993.0,crush
grains,cotton,2020-02-01,263.0,crush
oil,soybean_oil,2020-02-01,511642.0,production
oil,sunflower_oil,2020-02-01,91262.0,production
oil,linen_oil,2020-02-01,85.0,production
oil,peanut_oil,2020-02-01,5958.0,production
oil,cotton_oil,2020-02-01,35.0,production
pellets,soybean_pellets,2020-02-01,1898537.0,production
pellets,sunflower_pellets,2020-02-01,91116.0,production
pellets,peanut_pellets,2020-02-01,8696.0,production
pellets,cotton_pellets,2020-02-01,218.0,production
expellers,soybean_expellers,2020-02-01,63339.0,production
expellers,sunflower_expellers,2020-02-01,390.0,production
expellers,linen_expellers,2020-02-01,174.0,production
grains,soybean,2020-03-01,2749988.0,crush
grains,sunflower,2020-03-01,337835.0,crush
grains,linen,2020-03-01,149.0,crush
grains,peanut,2020-03-01,17278.0,crush
grains,cotton,2020-03-01,350.0,crush
oil,soybean_oil,2020-03-01,552575.0,production
oil,sunflower_oil,2020-03-01,142869.0,production
oil,linen_oil,2020-03-01,48.0,production
oil,peanut_oil,2020-03-01,6202.0,production
oil,cotton_oil,2020-03-01,46.0,production
pellets,soybean_pellets,2020-03-01,1986732.0,production
pellets,sunflower_pellets,2020-03-01,139048.0,production
pellets,peanut_pellets,2020-03-01,8564.0,production
pellets,cotton_pellets,2020-03-01,290.0,production
expellers,soybean_expellers,2020-03-01,68191.0,production
expellers,sunflower_expellers,2020-03-01,890.0,production
expellers,linen_expellers,2020-03-01,97.0,production
grains,soybean,2020-04-01,3667845.0,crush
grains,sunflower,2020-04-01,311952.0,crush
grains,peanut,2020-04-01,11248.0,crush
grains,cotton,2020-04-01,15967.0,crush
oil,soybean_oil,2020-04-01,736601.0,production
oil,sunflower_oil,2020-04-01,132781.0,production
oil,peanut_oil,2020-04-01,4293.0,production
oil,cotton_oil,2020-04-01,2542.0,production
pellets,soybean_pellets,2020-04-01,2669539.0,production
pellets,sunflower_pellets,2020-04-01,123251.0,production
pellets,peanut_pellets,2020-04-01,6478.0,production
pellets,cotton_pellets,2020-04-01,11305.0,production
expellers,soybean_expellers,2020-04-01,75519.0,production
expellers,sunflower_expellers,2020-04-01,1085.0,production
grains,soybean,2020-05-01,4040012.0,crush
grains,sunflower,2020-05-01,276063.0,crush
grains,linen,2020-05-01,280.0,crush
grains,peanut,2020-05-01,16990.0,crush
grains,cotton,2020-05-01,29791.0,crush
oil,soybean_oil,2020-05-01,797326.0,production
oil,sunflower_oil,2020-05-01,118033.0,production
oil,linen_oil,2020-05-01,101.0,production
oil,peanut_oil,2020-05-01,6325.0,production
oil,cotton_oil,2020-05-01,4979.0,production
pellets,soybean_pellets,2020-05-01,2983238.0,production
pellets,sunflower_pellets,2020-05-01,108005.0,production
pellets,peanut_pellets,2020-05-01,11264.0,production
pellets,cotton_pellets,2020-05-01,20861.0,production
expellers,soybean_expellers,2020-05-01,81235.0,production
expellers,sunflower_expellers,2020-05-01,1455.0,production
expellers,linen_expellers,2020-05-01,171.0,production
grains,soybean,2020-06-01,3656810.0,crush
grains,sunflower,2020-06-01,268506.0,crush
grains,peanut,2020-06-01,18738.0,crush
grains,cotton,2020-06-01,15341.0,crush
grains,canola,2020-06-01,10.0,crush
oil,soybean_oil,2020-06-01,724583.0,production
oil,sunflower_oil,2020-06-01,115291.0,production
oil,peanut_oil,2020-06-01,7337.0,production
oil,cotton_oil,2020-06-01,2622.0,production
oil,canola_oil,2020-06-01,3.0,production
pellets,soybean_pellets,2020-06-01,2682785.0,production
pellets,sunflower_pellets,2020-06-01,105729.0,production
pellets,peanut_pellets,2020-06-01,11249.0,production
pellets,cotton_pellets,2020-06-01,10781.0,production
expellers,soybean_expellers,2020-06-01,80055.0,production
expellers,sunflower_expellers,2020-06-01,2113.0,production
expellers,canola_expellers,2020-06-01,5.0,production
grains,soybean,2020-07-01,3514726.0,crush
grains,sunflower,2020-07-01,204187.0,crush
grains,linen,2020-07-01,70.0,crush
grains,peanut,2020-07-01,16164.0,crush
grains,cotton,2020-07-01,22522.0,crush
grains,canola,2020-07-01,46.0,crush
oil,soybean_oil,2020-07-01,696907.0,production
oil,sunflower_oil,2020-07-01,86981.0,production
oil,linen_oil,2020-07-01,25.0,production
oil,peanut_oil,2020-07-01,5666.0,production
oil,cotton_oil,2020-07-01,3915.0,production
oil,canola_oil,2020-07-01,136.0,production
pellets,soybean_pellets,2020-07-01,2579076.0,production
pellets,sunflower_pellets,2020-07-01,82835.0,production
pellets,peanut_pellets,2020-07-01,8762.0,production
pellets,cotton_pellets,2020-07-01,16121.0,production
expellers,soybean_expellers,2020-07-01,83990.0,production
expellers,sunflower_expellers,2020-07-01,1347.0,production
expellers,linen_expellers,2020-07-01,43.0,production
expellers,canola_expellers,2020-07-01,27.0,production
grains,soybean,2020-08-01,3431259.0,crush
grains,sunflower,2020-08-01,271560.0,crush
grains,linen,2020-08-01,70.0,crush
grains,peanut,2020-08-01,18512.0,crush
grains,cotton,2020-08-01,27651.0,crush
grains,canola,2020-08-01,39.0,crush
oil,soybean_oil,2020-08-01,683460.0,production
oil,sunflower_oil,2020-08-01,116631.0,production
oil,linen_oil,2020-08-01,25.0,production
oil,peanut_oil,2020-08-01,6842.0,production
oil,cotton_oil,2020-08-01,4703.0,production
oil,canola_oil,2020-08-01,75.0,production
pellets,soybean_pellets,2020-08-01,2532043.0,production
pellets,sunflower_pellets,2020-08-01,106926.0,production
pellets,peanut_pellets,2020-08-01,10821.0,production
pellets,cotton_pellets,2020-08-01,18773.0,production
expellers,soybean_expellers,2020-08-01,81828.0,production
expellers,sunflower_expellers,2020-08-01,1535.0,production
expellers,linen_expellers,2020-08-01,43.0,production
expellers,canola_expellers,2020-08-01,21.0,production
grains,soybean,2020-09-01,3140475.0,crush
grains,sunflower,2020-09-01,145523.0,crush
grains,peanut,2020-09-01,20134.0,crush
grains,cotton,2020-09-01,6253.0,crush
oil,soybean_oil,2020-09-01,635526.0,production
oil,sunflower_oil,2020-09-01,61693.0,production
oil,peanut_oil,2020-09-01,7598.0,production
oil,cotton_oil,2020-09-01,1334.0,production
pellets,soybean_pellets,2020-09-01,2297516.0,production
pellets,sunflower_pellets,2020-09-01,55072.0,production
pellets,peanut_pellets,2020-09-01,11354.0,production
pellets,cotton_pellets,2020-09-01,4442.0,production
expellers,soybean_expellers,2020-09-01,88459.0,production
expellers,sunflower_expellers,2020-09-01,2088.0,production
grains,soybean,2020-10-01,3117397.0,crush
grains,sunflower,2020-10-01,153621.0,crush
grains,linen,2020-10-01,417.0,crush
grains,peanut,2020-10-01,5354.0,crush
grains,cotton,2020-10-01,576.0,crush
oil,soybean_oil,2020-10-01,620089.0,production
oil,sunflower_oil,2020-10-01,66246.0,production
oil,linen_oil,2020-10-01,150.0,production
oil,peanut_oil,2020-10-01,2040.0,production
oil,cotton_oil,2020-10-01,74.0,production
pellets,soybean_pellets,2020-10-01,2266985.0,production
pellets,sunflower_pellets,2020-10-01,58750.0,production
pellets,peanut_pellets,2020-10-01,3413.0,production
pellets,cotton_pellets,2020-10-01,528.0,production
expellers,soybean_expellers,2020-10-01,83730.0,production
expellers,sunflower_expellers,2020-10-01,1574.0,production
expellers,linen_expellers,2020-10-01,254.0,production
grains,soybean,2020-11-01,2975869.0,crush
grains,sunflower,2020-11-01,120731.0,crush
grains,peanut,2020-11-01,16929.0,crush
grains,cotton,2020-11-01,482.0,crush
oil,soybean_oil,2020-11-01,589356.0,production
oil,sunflower_oil,2020-11-01,54236.0,production
oil,peanut_oil,2020-11-01,7917.0,production
oil,cotton_oil,2020-11-01,61.0,production
pellets,soybean_pellets,2020-11-01,2160931.0,production
pellets,sunflower_pellets,2020-11-01,48324.0,production
pellets,peanut_pellets,2020-11-01,10242.0,production
pellets,cotton_pellets,2020-11-01,417.0,production
expellers,soybean_expellers,2020-11-01,78901.0,production
expellers,sunflower_expellers,2020-11-01,1864.0,production
grains,soybean,2020-12-01,846919.0,crush
grains,sunflower,2020-12-01,14614.0,crush
grains,linen,2020-12-01,75.0,crush
grains,peanut,2020-12-01,6554.0,crush
grains,cotton,2020-12-01,180.0,crush
oil,soybean_oil,2020-12-01,162319.0,production
oil,sunflower_oil,2020-12-01,6403.0,production
oil,linen_oil,2020-12-01,27.0,production
oil,peanut_oil,2020-12-01,2199.0,production
oil,cotton_oil,2020-12-01,23.0,production
pellets,soybean_pellets,2020-12-01,567643.0,production
pellets,sunflower_pellets,2020-12-01,4420.0,production
pellets,peanut_pellets,2020-12-01,4007.0,production
pellets,cotton_pellets,2020-12-01,207.0,production
expellers,soybean_expellers,2020-12-01,85039.0,production
expellers,sunflower_expellers,2020-12-01,1940.0,production
expellers,linen_expellers,2020-12-01,46.0,production
grains,soybean,2019-01-01,2498028.0,crush
grains,sunflower,2019-01-01,282559.0,crush
grains,peanut,2019-01-01,4753.0,crush
grains,cotton,2019-01-01,316.0,crush
oil,soybean_oil,2019-01-01,495163.0,production
oil,sunflower_oil,2019-01-01,117309.0,production
oil,peanut_oil,2019-01-01,1835.0,production
oil,cotton_oil,2019-01-01,32.0,production
pellets,soybean_pellets,2019-01-01,1818897.0,production
pellets,sunflower_pellets,2019-01-01,110718.0,production
pellets,peanut_pellets,2019-01-01,3219.0,production
pellets,cotton_pellets,2019-01-01,265.0,production
expellers,soybean_expellers,2019-01-01,59199.0,production
expellers,sunflower_expellers,2019-01-01,504.0,production
grains,soybean,2019-02-01,2349648.0,crush
grains,sunflower,2019-02-01,252497.0,crush
grains,peanut,2019-02-01,21297.0,crush
grains,cotton,2019-02-01,377.0,crush
oil,soybean_oil,2019-02-01,468111.0,production
oil,sunflower_oil,2019-02-01,100863.0,production
oil,peanut_oil,2019-02-01,9264.0,production
oil,cotton_oil,2019-02-01,37.0,production
pellets,soybean_pellets,2019-02-01,1728596.0,production
pellets,sunflower_pellets,2019-02-01,99653.0,production
pellets,peanut_pellets,2019-02-01,11669.0,production
pellets,cotton_pellets,2019-02-01,317.0,production
expellers,soybean_expellers,2019-02-01,55498.0,production
expellers,sunflower_expellers,2019-02-01,268.0,production
grains,soybean,2019-03-01,2913048.0,crush
grains,sunflower,2019-03-01,364700.0,crush
grains,peanut,2019-03-01,21423.0,crush
grains,cotton,2019-03-01,236.0,crush
oil,soybean_oil,2019-03-01,589578.0,production
oil,sunflower_oil,2019-03-01,155113.0,production
oil,peanut_oil,2019-03-01,8894.0,production
oil,cotton_oil,2019-03-01,23.0,production
pellets,soybean_pellets,2019-03-01,2143426.0,production
pellets,sunflower_pellets,2019-03-01,148514.0,production
pellets,peanut_pellets,2019-03-01,11879.0,production
pellets,cotton_pellets,2019-03-01,199.0,production
expellers,soybean_expellers,2019-03-01,59182.0,production
expellers,sunflower_expellers,2019-03-01,1155.0,production
grains,soybean,2019-04-01,3825530.0,crush
grains,sunflower,2019-04-01,386638.0,crush
grains,peanut,2019-04-01,32063.0,crush
grains,cotton,2019-04-01,22145.0,crush
grains,canola,2019-04-01,29.0,crush
oil,soybean_oil,2019-04-01,752027.0,production
oil,sunflower_oil,2019-04-01,164111.0,production
oil,peanut_oil,2019-04-01,13347.0,production
oil,cotton_oil,2019-04-01,3709.0,production
oil,canola_oil,2019-04-01,10.0,production
pellets,soybean_pellets,2019-04-01,2824703.0,production
pellets,sunflower_pellets,2019-04-01,156145.0,production
pellets,peanut_pellets,2019-04-01,17824.0,production
pellets,cotton_pellets,2019-04-01,15977.0,production
expellers,soybean_expellers,2019-04-01,67560.0,production
expellers,sunflower_expellers,2019-04-01,1345.0,production
expellers,canola_expellers,2019-04-01,15.0,production
grains,soybean,2019-05-01,3977906.0,crush
grains,sunflower,2019-05-01,387287.0,crush
grains,peanut,2019-05-01,22356.0,crush
grains,cotton,2019-05-01,8070.0,crush
grains,canola,2019-05-01,17.0,crush
oil,soybean_oil,2019-05-01,765294.0,production
oil,sunflower_oil,2019-05-01,163414.0,production
oil,peanut_oil,2019-05-01,8021.0,production
oil,cotton_oil,2019-05-01,1358.0,production
oil,canola_oil,2019-05-01,6.0,production
pellets,soybean_pellets,2019-05-01,2907051.0,production
pellets,sunflower_pellets,2019-05-01,155173.0,production
pellets,peanut_pellets,2019-05-01,11120.0,production
pellets,cotton_pellets,2019-05-01,5843.0,production
expellers,soybean_expellers,2019-05-01,80592.0,production
expellers,sunflower_expellers,2019-05-01,1961.0,production
expellers,canola_expellers,2019-05-01,9.0,production
grains,soybean,2019-06-01,4301849.0,crush
grains,sunflower,2019-06-01,289027.0,crush
grains,peanut,2019-06-01,10617.0,crush
grains,cotton,2019-06-01,15942.0,crush
grains,canola,2019-06-01,11.0,crush
oil,soybean_oil,2019-06-01,834437.0,production
oil,sunflower_oil,2019-06-01,123085.0,production
oil,peanut_oil,2019-06-01,3573.0,production
oil,cotton_oil,2019-06-01,2311.0,production
oil,canola_oil,2019-06-01,4.0,production
pellets,soybean_pellets,2019-06-01,3169286.0,production
pellets,sunflower_pellets,2019-06-01,112230.0,production
pellets,peanut_pellets,2019-06-01,5647.0,production
pellets,cotton_pellets,2019-06-01,11582.0,production
expellers,soybean_expellers,2019-06-01,74408.0,production
expellers,sunflower_expellers,2019-06-01,1913.0,production
expellers,canola_expellers,2019-06-01,6.0,production
grains,soybean,2019-07-01,4456657.0,crush
grains,sunflower,2019-07-01,332252.0,crush
grains,peanut,2019-07-01,20507.0,crush
grains,cotton,2019-07-01,19463.0,crush
grains,canola,2019-07-01,26.0,crush
oil,soybean_oil,2019-07-01,868992.0,production
oil,sunflower_oil,2019-07-01,152568.0,production
oil,peanut_oil,2019-07-01,7468.0,production
oil,cotton_oil,2019-07-01,2829.0,production
oil,canola_oil,2019-07-01,9.0,production
pellets,soybean_pellets,2019-07-01,3270862.0,production
pellets,sunflower_pellets,2019-07-01,134919.0,production
pellets,peanut_pellets,2019-07-01,11687.0,production
pellets,cotton_pellets,2019-07-01,14044.0,production
expellers,soybean_expellers,2019-07-01,85976.0,production
expellers,sunflower_expellers,2019-07-01,1911.0,production
expellers,canola_expellers,2019-07-01,14.0,production
grains,soybean,2019-08-01,4154259.0,crush
grains,sunflower,2019-08-01,365459.0,crush
grains,linen,2019-08-01,78.0,crush
grains,peanut,2019-08-01,31028.0,crush
grains,cotton,2019-08-01,1948.0,crush
oil,soybean_oil,2019-08-01,807742.0,production
oil,sunflower_oil,2019-08-01,158374.0,production
oil,linen_oil,2019-08-01,25.0,production
oil,peanut_oil,2019-08-01,12830.0,production
oil,cotton_oil,2019-08-01,268.0,production
pellets,soybean_pellets,2019-08-01,3037967.0,production
pellets,sunflower_pellets,2019-08-01,147328.0,production
pellets,peanut_pellets,2019-08-01,17443.0,production
pellets,cotton_pellets,2019-08-01,1474.0,production
expellers,soybean_expellers,2019-08-01,84629.0,production
expellers,sunflower_expellers,2019-08-01,1463.0,production
expellers,linen_expellers,2019-08-01,51.0,production
grains,soybean,2019-09-01,3153285.0,crush
grains,sunflower,2019-09-01,176776.0,crush
grains,linen,2019-09-01,112.0,crush
grains,peanut,2019-09-01,6545.0,crush
grains,cotton,2019-09-01,20658.0,crush
oil,soybean_oil,2019-09-01,612318.0,production
oil,sunflower_oil,2019-09-01,77910.0,production
oil,linen_oil,2019-09-01,36.0,production
oil,peanut_oil,2019-09-01,2332.0,production
oil,cotton_oil,2019-09-01,3106.0,production
pellets,soybean_pellets,2019-09-01,2287716.0,production
pellets,sunflower_pellets,2019-09-01,71785.0,production
pellets,peanut_pellets,2019-09-01,4200.0,production
pellets,cotton_pellets,2019-09-01,14923.0,production
expellers,soybean_expellers,2019-09-01,76703.0,production
expellers,sunflower_expellers,2019-09-01,1450.0,production
expellers,linen_expellers,2019-09-01,73.0,production
grains,soybean,2019-10-01,3934380.0,crush
grains,sunflower,2019-10-01,189977.0,crush
grains,linen,2019-10-01,170.0,crush
grains,peanut,2019-10-01,22161.0,crush
grains,cotton,2019-10-01,10206.0,crush
oil,soybean_oil,2019-10-01,767456.0,production
oil,sunflower_oil,2019-10-01,82321.0,production
oil,linen_oil,2019-10-01,54.0,production
oil,peanut_oil,2019-10-01,7745.0,production
oil,cotton_oil,2019-10-01,1539.0,production
pellets,soybean_pellets,2019-10-01,2875327.0,production
pellets,sunflower_pellets,2019-10-01,74310.0,production
pellets,peanut_pellets,2019-10-01,12512.0,production
pellets,cotton_pellets,2019-10-01,7314.0,production
expellers,soybean_expellers,2019-10-01,80209.0,production
expellers,sunflower_expellers,2019-10-01,1679.0,production
expellers,linen_expellers,2019-10-01,111.0,production
grains,soybean,2019-11-01,2934140.0,crush
grains,sunflower,2019-11-01,157571.0,crush
grains,linen,2019-11-01,170.0,crush
grains,peanut,2019-11-01,16673.0,crush
grains,cotton,2019-11-01,541.0,crush
oil,soybean_oil,2019-11-01,578126.0,production
oil,sunflower_oil,2019-11-01,67193.0,production
oil,linen_oil,2019-11-01,54.0,production
oil,peanut_oil,2019-11-01,5387.0,production
oil,cotton_oil,2019-11-01,52.0,production
pellets,soybean_pellets,2019-11-01,2105515.0,production
pellets,sunflower_pellets,2019-11-01,62212.0,production
pellets,peanut_pellets,2019-11-01,9171.0,production
pellets,cotton_pellets,2019-11-01,454.0,production
expellers,soybean_expellers,2019-11-01,76913.0,production
expellers,sunflower_expellers,2019-11-01,1420.0,production
expellers,linen_expellers,2019-11-01,111.0,production
grains,soybean,2019-12-01,2745010.0,crush
grains,sunflower,2019-12-01,122470.0,crush
grains,linen,2019-12-01,261.0,crush
grains,peanut,2019-12-01,20274.0,crush
grains,cotton,2019-12-01,386.0,crush
grains,safflower,2019-12-01,13377.0,crush
oil,soybean_oil,2019-12-01,541912.0,production
oil,sunflower_oil,2019-12-01,52252.0,production
oil,linen_oil,2019-12-01,86.0,production
oil,peanut_oil,2019-12-01,7544.0,production
oil,cotton_oil,2019-12-01,39.0,production
oil,safflower_oil,2019-12-01,4907.0,production
pellets,soybean_pellets,2019-12-01,1982152.0,production
pellets,sunflower_pellets,2019-12-01,50332.0,production
pellets,peanut_pellets,2019-12-01,11258.0,production
pellets,cotton_pellets,2019-12-01,324.0,production
pellets,safflower_pellets,2019-12-01,7981.0,production
expellers,soybean_expellers,2019-12-01,72993.0,production
expellers,sunflower_expellers,2019-12-01,637.0,production
expellers,linen_expellers,2019-12-01,170.0,production
grains,soybean,2018-01-01,2736460.0,crush
grains,sunflower,2018-01-01,230120.0,crush
grains,linen,2018-01-01,342.0,crush
grains,peanut,2018-01-01,14197.0,crush
oil,soybean_oil,2018-01-01,529826.0,production
oil,sunflower_oil,2018-01-01,93753.0,production
oil,linen_oil,2018-01-01,66.0,production
oil,peanut_oil,2018-01-01,6154.0,production
pellets,soybean_pellets,2018-01-01,2001884.0,production
pellets,sunflower_pellets,2018-01-01,101742.0,production
pellets,peanut_pellets,2018-01-01,8048.0,production
expellers,soybean_expellers,2018-01-01,57043.0,production
expellers,sunflower_expellers,2018-01-01,428.0,production
expellers,linen_expellers,2018-01-01,130.0,production
grains,soybean,2018-02-01,2376499.0,crush
grains,sunflower,2018-02-01,196603.0,crush
grains,linen,2018-02-01,261.0,crush
grains,peanut,2018-02-01,27158.0,crush
oil,soybean_oil,2018-02-01,465788.0,production
oil,sunflower_oil,2018-02-01,80152.0,production
oil,linen_oil,2018-02-01,16.0,production
oil,peanut_oil,2018-02-01,11886.0,production
pellets,soybean_pellets,2018-02-01,1740432.0,production
pellets,sunflower_pellets,2018-02-01,86097.0,production
pellets,peanut_pellets,2018-02-01,15004.0,production
expellers,soybean_expellers,2018-02-01,51480.0,production
expellers,sunflower_expellers,2018-02-01,355.0,production
expellers,linen_expellers,2018-02-01,33.0,production
grains,soybean,2018-03-01,3050100.0,crush
grains,sunflower,2018-03-01,393436.0,crush
grains,linen,2018-03-01,1200.0,crush
grains,peanut,2018-03-01,16045.0,crush
grains,cotton,2018-03-01,346.0,crush
oil,soybean_oil,2018-03-01,605839.0,production
oil,sunflower_oil,2018-03-01,165797.0,production
oil,linen_oil,2018-03-01,112.0,production
oil,peanut_oil,2018-03-01,7114.0,production
oil,cotton_oil,2018-03-01,33.0,production
pellets,soybean_pellets,2018-03-01,2234404.0,production
pellets,sunflower_pellets,2018-03-01,169008.0,production
pellets,peanut_pellets,2018-03-01,9229.0,production
pellets,cotton_pellets,2018-03-01,356.0,production
expellers,soybean_expellers,2018-03-01,55331.0,production
expellers,sunflower_expellers,2018-03-01,928.0,production
expellers,linen_expellers,2018-03-01,228.0,production
grains,soybean,2018-04-01,3308487.0,crush
grains,sunflower,2018-04-01,385241.0,crush
grains,linen,2018-04-01,270.0,crush
grains,peanut,2018-04-01,18025.0,crush
grains,cotton,2018-04-01,5946.0,crush
oil,soybean_oil,2018-04-01,657002.0,production
oil,sunflower_oil,2018-04-01,165807.0,production
oil,linen_oil,2018-04-01,87.0,production
oil,peanut_oil,2018-04-01,7815.0,production
oil,cotton_oil,2018-04-01,931.0,production
pellets,soybean_pellets,2018-04-01,2432133.0,production
pellets,sunflower_pellets,2018-04-01,165813.0,production
pellets,peanut_pellets,2018-04-01,9902.0,production
pellets,cotton_pellets,2018-04-01,4401.0,production
expellers,soybean_expellers,2018-04-01,62968.0,production
expellers,sunflower_expellers,2018-04-01,863.0,production
expellers,linen_expellers,2018-04-01,176.0,production
grains,soybean,2018-05-01,3676107.0,crush
grains,sunflower,2018-05-01,353092.0,crush
grains,linen,2018-05-01,600.0,crush
grains,peanut,2018-05-01,17276.0,crush
grains,cotton,2018-05-01,15049.0,crush
oil,soybean_oil,2018-05-01,720219.0,production
oil,sunflower_oil,2018-05-01,151014.0,production
oil,linen_oil,2018-05-01,64.0,production
oil,peanut_oil,2018-05-01,7373.0,production
oil,cotton_oil,2018-05-01,2389.0,production
pellets,soybean_pellets,2018-05-01,2685167.0,production
pellets,sunflower_pellets,2018-05-01,156158.0,production
pellets,peanut_pellets,2018-05-01,9683.0,production
pellets,cotton_pellets,2018-05-01,10908.0,production
expellers,soybean_expellers,2018-05-01,64222.0,production
expellers,sunflower_expellers,2018-05-01,1041.0,production
expellers,linen_expellers,2018-05-01,130.0,production
grains,soybean,2018-06-01,3272426.0,crush
grains,sunflower,2018-06-01,262815.0,crush
grains,linen,2018-06-01,500.0,crush
grains,peanut,2018-06-01,19117.0,crush
grains,cotton,2018-06-01,18952.0,crush
oil,soybean_oil,2018-06-01,645631.0,production
oil,sunflower_oil,2018-06-01,112621.0,production
oil,linen_oil,2018-06-01,64.0,production
oil,peanut_oil,2018-06-01,7957.0,production
oil,cotton_oil,2018-06-01,3148.0,production
pellets,soybean_pellets,2018-06-01,2418400.0,production
pellets,sunflower_pellets,2018-06-01,112088.0,production
pellets,peanut_pellets,2018-06-01,10988.0,production
pellets,cotton_pellets,2018-06-01,13715.0,production
expellers,soybean_expellers,2018-06-01,69214.0,production
expellers,sunflower_expellers,2018-06-01,662.0,production
expellers,linen_expellers,2018-06-01,130.0,production
grains,soybean,2018-07-01,3445511.0,crush
grains,sunflower,2018-07-01,231961.0,crush
grains,linen,2018-07-01,770.0,crush
grains,peanut,2018-07-01,29721.0,crush
grains,cotton,2018-07-01,19548.0,crush
oil,soybean_oil,2018-07-01,681714.0,production
oil,sunflower_oil,2018-07-01,98453.0,production
oil,linen_oil,2018-07-01,51.0,production
oil,peanut_oil,2018-07-01,12301.0,production
oil,cotton_oil,2018-07-01,3412.0,production
pellets,soybean_pellets,2018-07-01,2546417.0,production
pellets,sunflower_pellets,2018-07-01,94510.0,production
pellets,peanut_pellets,2018-07-01,16209.0,production
pellets,cotton_pellets,2018-07-01,14181.0,production
expellers,soybean_expellers,2018-07-01,69629.0,production
expellers,sunflower_expellers,2018-07-01,1097.0,production
expellers,linen_expellers,2018-07-01,173.0,production
grains,soybean,2018-08-01,3040524.0,crush
grains,sunflower,2018-08-01,246767.0,crush
grains,linen,2018-08-01,755.0,crush
grains,peanut,2018-08-01,23876.0,crush
grains,cotton,2018-08-01,16279.0,crush
oil,soybean_oil,2018-08-01,598397.0,production
oil,sunflower_oil,2018-08-01,104935.0,production
oil,linen_oil,2018-08-01,78.0,production
oil,peanut_oil,2018-08-01,9401.0,production
oil,cotton_oil,2018-08-01,2960.0,production
pellets,soybean_pellets,2018-08-01,2227629.0,production
pellets,sunflower_pellets,2018-08-01,99529.0,production
pellets,peanut_pellets,2018-08-01,13165.0,production
pellets,cotton_pellets,2018-08-01,11897.0,production
expellers,soybean_expellers,2018-08-01,61420.0,production
expellers,sunflower_expellers,2018-08-01,1084.0,production
expellers,linen_expellers,2018-08-01,266.0,production
grains,soybean,2018-09-01,2917787.0,crush
grains,sunflower,2018-09-01,264211.0,crush
grains,linen,2018-09-01,810.0,crush
grains,peanut,2018-09-01,20904.0,crush
grains,cotton,2018-09-01,13477.0,crush
oil,soybean_oil,2018-09-01,579741.0,production
oil,sunflower_oil,2018-09-01,112451.0,production
oil,linen_oil,2018-09-01,108.0,production
oil,peanut_oil,2018-09-01,8397.0,production
oil,cotton_oil,2018-09-01,2372.0,production
pellets,soybean_pellets,2018-09-01,2155507.0,production
pellets,sunflower_pellets,2018-09-01,112168.0,production
pellets,peanut_pellets,2018-09-01,11569.0,production
pellets,cotton_pellets,2018-09-01,9906.0,production
expellers,soybean_expellers,2018-09-01,65351.0,production
expellers,sunflower_expellers,2018-09-01,1007.0,production
expellers,linen_expellers,2018-09-01,280.0,production
grains,soybean,2018-10-01,3311987.0,crush
grains,sunflower,2018-10-01,207673.0,crush
grains,linen,2018-10-01,188.0,crush
grains,peanut,2018-10-01,4531.0,crush
grains,cotton,2018-10-01,15852.0,crush
oil,soybean_oil,2018-10-01,656989.0,production
oil,sunflower_oil,2018-10-01,89174.0,production
oil,linen_oil,2018-10-01,24.0,production
oil,peanut_oil,2018-10-01,1739.0,production
oil,cotton_oil,2018-10-01,2793.0,production
pellets,soybean_pellets,2018-10-01,2443839.0,production
pellets,sunflower_pellets,2018-10-01,86771.0,production
pellets,peanut_pellets,2018-10-01,2625.0,production
pellets,cotton_pellets,2018-10-01,11384.0,production
expellers,soybean_expellers,2018-10-01,67937.0,production
expellers,sunflower_expellers,2018-10-01,1395.0,production
expellers,linen_expellers,2018-10-01,66.0,production
grains,soybean,2018-11-01,3170523.0,crush
grains,sunflower,2018-11-01,188737.0,crush
grains,peanut,2018-11-01,21116.0,crush
grains,cotton,2018-11-01,14697.0,crush
grains,safflower,2018-11-01,2841.0,crush
oil,soybean_oil,2018-11-01,628625.0,production
oil,sunflower_oil,2018-11-01,79941.0,production
oil,peanut_oil,2018-11-01,8589.0,production
oil,cotton_oil,2018-11-01,2076.0,production
oil,safflower_oil,2018-11-01,929.0,production
pellets,soybean_pellets,2018-11-01,2320800.0,production
pellets,sunflower_pellets,2018-11-01,76907.0,production
pellets,peanut_pellets,2018-11-01,11942.0,production
pellets,cotton_pellets,2018-11-01,10529.0,production
pellets,safflower_pellets,2018-11-01,1742.0,production
expellers,soybean_expellers,2018-11-01,63872.0,production
expellers,sunflower_expellers,2018-11-01,910.0,production
grains,soybean,2018-12-01,2438607.0,crush
grains,sunflower,2018-12-01,113991.0,crush
grains,peanut,2018-12-01,33021.0,crush
grains,cotton,2018-12-01,321.0,crush
grains,safflower,2018-12-01,10415.0,crush
oil,soybean_oil,2018-12-01,475841.0,production
oil,sunflower_oil,2018-12-01,50553.0,production
oil,peanut_oil,2018-12-01,13570.0,production
oil,cotton_oil,2018-12-01,31.0,production
oil,safflower_oil,2018-12-01,3280.0,production
pellets,soybean_pellets,2018-12-01,1806220.0,production
pellets,sunflower_pellets,2018-12-01,47216.0,production
pellets,peanut_pellets,2018-12-01,18805.0,production
pellets,cotton_pellets,2018-12-01,270.0,production
pellets,safflower_pellets,2018-12-01,6450.0,production
expellers,soybean_expellers,2018-12-01,55585.0,production
expellers,sunflower_expellers,2018-12-01,474.0,production
grains,soybean,2017-01-01,2968691.0,crush
grains,sunflower,2017-01-01,308973.0,crush
grains,linen,2017-01-01,671.0,crush
grains,peanut,2017-01-01,1710.0,crush
grains,canola,2017-01-01,208.0,crush
oil,soybean_oil,2017-01-01,578937.0,production
oil,sunflower_oil,2017-01-01,123010.0,production
oil,linen_oil,2017-01-01,214.0,production
oil,peanut_oil,2017-01-01,798.0,production
oil,canola_oil,2017-01-01,76.0,production
pellets,soybean_pellets,2017-01-01,2242065.0,production
pellets,sunflower_pellets,2017-01-01,127389.0,production
pellets,peanut_pellets,2017-01-01,1304.0,production
pellets,canola_pellets,2017-01-01,129.0,production
expellers,soybean_expellers,2017-01-01,50654.0,production
expellers,sunflower_expellers,2017-01-01,431.0,production
expellers,linen_expellers,2017-01-01,435.0,production
grains,soybean,2017-02-01,2624641.0,crush
grains,sunflower,2017-02-01,203940.0,crush
grains,linen,2017-02-01,520.0,crush
grains,peanut,2017-02-01,29166.0,crush
grains,canola,2017-02-01,156.0,crush
oil,soybean_oil,2017-02-01,504771.0,production
oil,sunflower_oil,2017-02-01,81367.0,production
oil,linen_oil,2017-02-01,166.0,production
oil,peanut_oil,2017-02-01,12500.0,production
oil,canola_oil,2017-02-01,63.0,production
pellets,soybean_pellets,2017-02-01,1978155.0,production
pellets,sunflower_pellets,2017-02-01,88748.0,production
pellets,peanut_pellets,2017-02-01,16121.0,production
pellets,canola_pellets,2017-02-01,90.0,production
expellers,soybean_expellers,2017-02-01,45133.0,production
expellers,sunflower_expellers,2017-02-01,370.0,production
expellers,linen_expellers,2017-02-01,338.0,production
grains,soybean,2017-03-01,3364145.0,crush
grains,sunflower,2017-03-01,416095.0,crush
grains,linen,2017-03-01,433.0,crush
grains,peanut,2017-03-01,5744.0,crush
grains,cotton,2017-03-01,94.0,crush
grains,canola,2017-03-01,120.0,crush
oil,soybean_oil,2017-03-01,654488.0,production
oil,sunflower_oil,2017-03-01,173091.0,production
oil,linen_oil,2017-03-01,129.0,production
oil,peanut_oil,2017-03-01,1461.0,production
oil,cotton_oil,2017-03-01,9.0,production
oil,canola_oil,2017-03-01,48.0,production
pellets,soybean_pellets,2017-03-01,2567627.0,production
pellets,sunflower_pellets,2017-03-01,173860.0,production
pellets,peanut_pellets,2017-03-01,3446.0,production
pellets,cotton_pellets,2017-03-01,79.0,production
pellets,canola_pellets,2017-03-01,72.0,production
expellers,soybean_expellers,2017-03-01,55999.0,production
expellers,sunflower_expellers,2017-03-01,435.0,production
expellers,linen_expellers,2017-03-01,258.0,production
grains,soybean,2017-04-01,4001162.0,crush
grains,sunflower,2017-04-01,433761.0,crush
grains,linen,2017-04-01,50.0,crush
grains,peanut,2017-04-01,22419.0,crush
grains,cotton,2017-04-01,121.0,crush
grains,canola,2017-04-01,49.0,crush
oil,soybean_oil,2017-04-01,779123.0,production
oil,sunflower_oil,2017-04-01,182284.0,production
oil,linen_oil,2017-04-01,16.0,production
oil,peanut_oil,2017-04-01,9465.0,production
oil,cotton_oil,2017-04-01,10.0,production
oil,canola_oil,2017-04-01,15.0,production
pellets,soybean_pellets,2017-04-01,2990300.0,production
pellets,sunflower_pellets,2017-04-01,180160.0,production
pellets,peanut_pellets,2017-04-01,12814.0,production
pellets,cotton_pellets,2017-04-01,102.0,production
pellets,canola_pellets,2017-04-01,20.0,production
expellers,soybean_expellers,2017-04-01,53394.0,production
expellers,sunflower_expellers,2017-04-01,806.0,production
expellers,linen_expellers,2017-04-01,32.0,production
grains,soybean,2017-05-01,4526786.0,crush
grains,sunflower,2017-05-01,315786.0,crush
grains,linen,2017-05-01,252.0,crush
grains,peanut,2017-05-01,3600.0,crush
grains,cotton,2017-05-01,10419.0,crush
oil,soybean_oil,2017-05-01,869025.0,production
oil,sunflower_oil,2017-05-01,132506.0,production
oil,linen_oil,2017-05-01,80.0,production
oil,peanut_oil,2017-05-01,1035.0,production
oil,cotton_oil,2017-05-01,1656.0,production
pellets,soybean_pellets,2017-05-01,3388294.0,production
pellets,sunflower_pellets,2017-05-01,131866.0,production
pellets,peanut_pellets,2017-05-01,1916.0,production
pellets,cotton_pellets,2017-05-01,7745.0,production
expellers,soybean_expellers,2017-05-01,64424.0,production
expellers,sunflower_expellers,2017-05-01,957.0,production
expellers,linen_expellers,2017-05-01,162.0,production
grains,soybean,2017-06-01,3917529.0,crush
grains,sunflower,2017-06-01,251376.0,crush
grains,linen,2017-06-01,701.0,crush
grains,peanut,2017-06-01,18324.0,crush
grains,cotton,2017-06-01,12717.0,crush
oil,soybean_oil,2017-06-01,740542.0,production
oil,sunflower_oil,2017-06-01,106154.0,production
oil,linen_oil,2017-06-01,224.0,production
oil,peanut_oil,2017-06-01,7483.0,production
oil,cotton_oil,2017-06-01,2009.0,production
pellets,soybean_pellets,2017-06-01,2886236.0,production
pellets,sunflower_pellets,2017-06-01,99725.0,production
pellets,peanut_pellets,2017-06-01,9055.0,production
pellets,cotton_pellets,2017-06-01,9397.0,production
expellers,soybean_expellers,2017-06-01,67430.0,production
expellers,sunflower_expellers,2017-06-01,799.0,production
expellers,linen_expellers,2017-06-01,435.0,production
grains,soybean,2017-07-01,4307384.0,crush
grains,sunflower,2017-07-01,317867.0,crush
grains,linen,2017-07-01,672.0,crush
grains,peanut,2017-07-01,21543.0,crush
grains,cotton,2017-07-01,494.0,crush
oil,soybean_oil,2017-07-01,826742.0,production
oil,sunflower_oil,2017-07-01,135516.0,production
oil,linen_oil,2017-07-01,214.0,production
oil,peanut_oil,2017-07-01,8580.0,production
oil,cotton_oil,2017-07-01,49.0,production
pellets,soybean_pellets,2017-07-01,3225792.0,production
pellets,sunflower_pellets,2017-07-01,125127.0,production
pellets,peanut_pellets,2017-07-01,12105.0,production
pellets,cotton_pellets,2017-07-01,415.0,production
expellers,soybean_expellers,2017-07-01,67444.0,production
expellers,sunflower_expellers,2017-07-01,1153.0,production
expellers,linen_expellers,2017-07-01,415.0,production
grains,soybean,2017-08-01,3758004.0,crush
grains,sunflower,2017-08-01,300018.0,crush
grains,linen,2017-08-01,1152.0,crush
grains,peanut,2017-08-01,24650.0,crush
grains,cotton,2017-08-01,21838.0,crush
oil,soybean_oil,2017-08-01,723786.0,production
oil,sunflower_oil,2017-08-01,127270.0,production
oil,linen_oil,2017-08-01,368.0,production
oil,peanut_oil,2017-08-01,10410.0,production
oil,cotton_oil,2017-08-01,3285.0,production
pellets,soybean_pellets,2017-08-01,2787448.0,production
pellets,sunflower_pellets,2017-08-01,120568.0,production
pellets,peanut_pellets,2017-08-01,14191.0,production
pellets,cotton_pellets,2017-08-01,16127.0,production
expellers,soybean_expellers,2017-08-01,72648.0,production
expellers,sunflower_expellers,2017-08-01,916.0,production
expellers,linen_expellers,2017-08-01,745.0,production
grains,soybean,2017-09-01,3244183.0,crush
grains,sunflower,2017-09-01,208876.0,crush
grains,linen,2017-09-01,500.0,crush
grains,peanut,2017-09-01,21076.0,crush
grains,cotton,2017-09-01,1252.0,crush
grains,canola,2017-09-01,19.0,crush
oil,soybean_oil,2017-09-01,628897.0,production
oil,sunflower_oil,2017-09-01,89422.0,production
oil,linen_oil,2017-09-01,160.0,production
oil,peanut_oil,2017-09-01,8186.0,production
oil,cotton_oil,2017-09-01,176.0,production
oil,canola_oil,2017-09-01,6.0,production
pellets,soybean_pellets,2017-09-01,2424960.0,production
pellets,sunflower_pellets,2017-09-01,83738.0,production
pellets,peanut_pellets,2017-09-01,11179.0,production
pellets,cotton_pellets,2017-09-01,1010.0,production
pellets,canola_pellets,2017-09-01,11.0,production
expellers,soybean_expellers,2017-09-01,61526.0,production
expellers,sunflower_expellers,2017-09-01,808.0,production
expellers,linen_expellers,2017-09-01,310.0,production
grains,soybean,2017-10-01,3580292.0,crush
grains,sunflower,2017-10-01,183022.0,crush
grains,linen,2017-10-01,900.0,crush
grains,peanut,2017-10-01,4258.0,crush
grains,cotton,2017-10-01,475.0,crush
grains,canola,2017-10-01,22.0,crush
oil,soybean_oil,2017-10-01,684940.0,production
oil,sunflower_oil,2017-10-01,76888.0,production
oil,linen_oil,2017-10-01,288.0,production
oil,peanut_oil,2017-10-01,1566.0,production
oil,cotton_oil,2017-10-01,48.0,production
oil,canola_oil,2017-10-01,7.0,production
pellets,soybean_pellets,2017-10-01,2654720.0,production
pellets,sunflower_pellets,2017-10-01,78030.0,production
pellets,peanut_pellets,2017-10-01,2210.0,production
pellets,cotton_pellets,2017-10-01,399.0,production
pellets,canola_pellets,2017-10-01,13.0,production
expellers,soybean_expellers,2017-10-01,61267.0,production
expellers,sunflower_expellers,2017-10-01,619.0,production
expellers,linen_expellers,2017-10-01,567.0,production
grains,soybean,2017-11-01,3352362.0,crush
grains,sunflower,2017-11-01,107100.0,crush
grains,linen,2017-11-01,700.0,crush
grains,peanut,2017-11-01,28371.0,crush
grains,cotton,2017-11-01,403.0,crush
grains,safflower,2017-11-01,8384.0,crush
grains,canola,2017-11-01,49.0,crush
oil,soybean_oil,2017-11-01,646890.0,production
oil,sunflower_oil,2017-11-01,44751.0,production
oil,linen_oil,2017-11-01,224.0,production
oil,peanut_oil,2017-11-01,13258.0,production
oil,cotton_oil,2017-11-01,41.0,production
oil,safflower_oil,2017-11-01,3065.0,production
oil,canola_oil,2017-11-01,16.0,production
pellets,soybean_pellets,2017-11-01,2487277.0,production
pellets,sunflower_pellets,2017-11-01,42044.0,production
pellets,peanut_pellets,2017-11-01,16800.0,production
pellets,cotton_pellets,2017-11-01,338.0,production
pellets,safflower_pellets,2017-11-01,4763.0,production
pellets,canola_pellets,2017-11-01,29.0,production
expellers,soybean_expellers,2017-11-01,61793.0,production
expellers,sunflower_expellers,2017-11-01,421.0,production
expellers,linen_expellers,2017-11-01,455.0,production
grains,soybean,2017-12-01,2178912.0,crush
grains,sunflower,2017-12-01,108423.0,crush
grains,linen,2017-12-01,650.0,crush
grains,peanut,2017-12-01,28290.0,crush
grains,cotton,2017-12-01,298.0,crush
grains,safflower,2017-12-01,18667.0,crush
oil,soybean_oil,2017-12-01,427460.0,production
oil,sunflower_oil,2017-12-01,45005.0,production
oil,linen_oil,2017-12-01,48.0,production
oil,peanut_oil,2017-12-01,12101.0,production
oil,cotton_oil,2017-12-01,33.0,production
oil,safflower_oil,2017-12-01,6778.0,production
pellets,soybean_pellets,2017-12-01,1610160.0,production
pellets,sunflower_pellets,2017-12-01,44618.0,production
pellets,peanut_pellets,2017-12-01,15376.0,production
pellets,cotton_pellets,2017-12-01,247.0,production
pellets,safflower_pellets,2017-12-01,10637.0,production
expellers,soybean_expellers,2017-12-01,58578.0,production
expellers,sunflower_expellers,2017-12-01,664.0,production
expellers,linen_expellers,2017-12-01,98.0,production
grains,soybean,2016-01-01,3910467.0,crush
grains,sunflower,2016-01-01,201256.0,crush
grains,peanut,2016-01-01,10003.0,crush
grains,cotton,2016-01-01,308.0,crush
grains,safflower,2016-01-01,20985.0,crush
grains,canola,2016-01-01,478.0,crush
oil,soybean_oil,2016-01-01,763453.0,production
oil,sunflower_oil,2016-01-01,81235.0,production
oil,peanut_oil,2016-01-01,3504.0,production
oil,cotton_oil,2016-01-01,29.0,production
oil,safflower_oil,2016-01-01,7157.0,production
oil,canola_oil,2016-01-01,185.0,production
pellets,soybean_pellets,2016-01-01,2955496.0,production
pellets,sunflower_pellets,2016-01-01,82150.0,production
pellets,peanut_pellets,2016-01-01,5572.0,production
pellets,cotton_pellets,2016-01-01,271.0,production
pellets,safflower_pellets,2016-01-01,13165.0,production
pellets,canola_pellets,2016-01-01,276.0,production
expellers,soybean_expellers,2016-01-01,60233.0,production
expellers,sunflower_expellers,2016-01-01,417.0,production
expellers,canola_expellers,2016-01-01,14.0,production
grains,soybean,2016-02-01,3205307.0,crush
grains,sunflower,2016-02-01,278630.0,crush
grains,peanut,2016-02-01,13422.0,crush
grains,cotton,2016-02-01,167.0,crush
grains,safflower,2016-02-01,8494.0,crush
grains,canola,2016-02-01,322.0,crush
oil,soybean_oil,2016-02-01,625695.0,production
oil,sunflower_oil,2016-02-01,112432.0,production
oil,peanut_oil,2016-02-01,5813.0,production
oil,cotton_oil,2016-02-01,16.0,production
oil,safflower_oil,2016-02-01,3014.0,production
oil,canola_oil,2016-02-01,128.0,production
pellets,soybean_pellets,2016-02-01,2431852.0,production
pellets,sunflower_pellets,2016-02-01,113938.0,production
pellets,peanut_pellets,2016-02-01,8998.0,production
pellets,cotton_pellets,2016-02-01,147.0,production
pellets,safflower_pellets,2016-02-01,5318.0,production
pellets,canola_pellets,2016-02-01,190.0,production
expellers,soybean_expellers,2016-02-01,46943.0,production
expellers,sunflower_expellers,2016-02-01,789.0,production
grains,soybean,2016-03-01,3230589.0,crush
grains,sunflower,2016-03-01,411584.0,crush
grains,linen,2016-03-01,201.0,crush
grains,peanut,2016-03-01,15743.0,crush
grains,cotton,2016-03-01,210.0,crush
grains,safflower,2016-03-01,7250.0,crush
oil,soybean_oil,2016-03-01,637708.0,production
oil,sunflower_oil,2016-03-01,171651.0,production
oil,linen_oil,2016-03-01,64.0,production
oil,peanut_oil,2016-03-01,6378.0,production
oil,cotton_oil,2016-03-01,10.0,production
oil,safflower_oil,2016-03-01,2475.0,production
pellets,soybean_pellets,2016-03-01,2428175.0,production
pellets,sunflower_pellets,2016-03-01,170521.0,production
pellets,peanut_pellets,2016-03-01,9332.0,production
pellets,cotton_pellets,2016-03-01,185.0,production
pellets,safflower_pellets,2016-03-01,4403.0,production
expellers,soybean_expellers,2016-03-01,50691.0,production
expellers,sunflower_expellers,2016-03-01,509.0,production
expellers,linen_expellers,2016-03-01,130.0,production
grains,soybean,2016-04-01,3728116.0,crush
grains,sunflower,2016-04-01,387656.0,crush
grains,linen,2016-04-01,147.0,crush
grains,peanut,2016-04-01,17752.0,crush
grains,cotton,2016-04-01,349.0,crush
grains,safflower,2016-04-01,7689.0,crush
grains,canola,2016-04-01,180.0,crush
oil,soybean_oil,2016-04-01,731852.0,production
oil,sunflower_oil,2016-04-01,161754.0,production
oil,linen_oil,2016-04-01,45.0,production
oil,peanut_oil,2016-04-01,7367.0,production
oil,cotton_oil,2016-04-01,33.0,production
oil,safflower_oil,2016-04-01,2785.0,production
oil,canola_oil,2016-04-01,63.0,production
pellets,soybean_pellets,2016-04-01,2800202.0,production
pellets,sunflower_pellets,2016-04-01,158126.0,production
pellets,peanut_pellets,2016-04-01,9737.0,production
pellets,cotton_pellets,2016-04-01,307.0,production
pellets,safflower_pellets,2016-04-01,4774.0,production
pellets,canola_pellets,2016-04-01,117.0,production
expellers,soybean_expellers,2016-04-01,50240.0,production
expellers,sunflower_expellers,2016-04-01,835.0,production
expellers,linen_expellers,2016-04-01,91.0,production
expellers,canola_expellers,2016-04-01,102.0,production
grains,soybean,2016-05-01,4351900.0,crush
grains,sunflower,2016-05-01,217533.0,crush
grains,linen,2016-05-01,211.0,crush
grains,peanut,2016-05-01,16075.0,crush
grains,cotton,2016-05-01,10319.0,crush
grains,canola,2016-05-01,42.0,crush
oil,soybean_oil,2016-05-01,842730.0,production
oil,sunflower_oil,2016-05-01,91839.0,production
oil,linen_oil,2016-05-01,67.0,production
oil,peanut_oil,2016-05-01,6593.0,production
oil,cotton_oil,2016-05-01,1523.0,production
oil,canola_oil,2016-05-01,15.0,production
pellets,soybean_pellets,2016-05-01,3239989.0,production
pellets,sunflower_pellets,2016-05-01,89393.0,production
pellets,peanut_pellets,2016-05-01,9341.0,production
pellets,cotton_pellets,2016-05-01,7065.0,production
pellets,canola_pellets,2016-05-01,22.0,production
expellers,soybean_expellers,2016-05-01,53871.0,production
expellers,sunflower_expellers,2016-05-01,904.0,production
expellers,linen_expellers,2016-05-01,137.0,production
expellers,canola_expellers,2016-05-01,134.0,production
grains,soybean,2016-06-01,4045934.0,crush
grains,sunflower,2016-06-01,309359.0,crush
grains,linen,2016-06-01,71.0,crush
grains,peanut,2016-06-01,17134.0,crush
grains,cotton,2016-06-01,9121.0,crush
grains,safflower,2016-06-01,5498.0,crush
grains,canola,2016-06-01,315.0,crush
oil,soybean_oil,2016-06-01,790271.0,production
oil,sunflower_oil,2016-06-01,130146.0,production
oil,linen_oil,2016-06-01,22.0,production
oil,peanut_oil,2016-06-01,6501.0,production
oil,cotton_oil,2016-06-01,1532.0,production
oil,safflower_oil,2016-06-01,2059.0,production
oil,canola_oil,2016-06-01,107.0,production
pellets,soybean_pellets,2016-06-01,3065897.0,production
pellets,sunflower_pellets,2016-06-01,122666.0,production
pellets,peanut_pellets,2016-06-01,9484.0,production
pellets,cotton_pellets,2016-06-01,6613.0,production
pellets,safflower_pellets,2016-06-01,3315.0,production
pellets,canola_pellets,2016-06-01,180.0,production
expellers,soybean_expellers,2016-06-01,54771.0,production
expellers,sunflower_expellers,2016-06-01,780.0,production
expellers,linen_expellers,2016-06-01,45.0,production
grains,soybean,2016-07-01,3975717.0,crush
grains,sunflower,2016-07-01,222617.0,crush
grains,linen,2016-07-01,373.0,crush
grains,peanut,2016-07-01,8938.0,crush
grains,cotton,2016-07-01,11165.0,crush
grains,safflower,2016-07-01,2302.0,crush
oil,soybean_oil,2016-07-01,774794.0,production
oil,sunflower_oil,2016-07-01,93291.0,production
oil,linen_oil,2016-07-01,96.0,production
oil,peanut_oil,2016-07-01,3765.0,production
oil,cotton_oil,2016-07-01,1774.0,production
oil,safflower_oil,2016-07-01,1119.0,production
pellets,soybean_pellets,2016-07-01,2995301.0,production
pellets,sunflower_pellets,2016-07-01,87804.0,production
pellets,peanut_pellets,2016-07-01,5107.0,production
pellets,cotton_pellets,2016-07-01,8273.0,production
pellets,safflower_pellets,2016-07-01,1300.0,production
expellers,soybean_expellers,2016-07-01,55339.0,production
expellers,sunflower_expellers,2016-07-01,817.0,production
expellers,linen_expellers,2016-07-01,195.0,production
grains,soybean,2016-08-01,3757883.0,crush
grains,sunflower,2016-08-01,232073.0,crush
grains,linen,2016-08-01,480.0,crush
grains,peanut,2016-08-01,20969.0,crush
grains,cotton,2016-08-01,18735.0,crush
grains,safflower,2016-08-01,5250.0,crush
grains,canola,2016-08-01,381.0,crush
oil,soybean_oil,2016-08-01,714350.0,production
oil,sunflower_oil,2016-08-01,95256.0,production
oil,linen_oil,2016-08-01,168.0,production
oil,peanut_oil,2016-08-01,8628.0,production
oil,cotton_oil,2016-08-01,2854.0,production
oil,safflower_oil,2016-08-01,1938.0,production
oil,canola_oil,2016-08-01,130.0,production
pellets,soybean_pellets,2016-08-01,2805981.0,production
pellets,sunflower_pellets,2016-08-01,90528.0,production
pellets,peanut_pellets,2016-08-01,12190.0,production
pellets,cotton_pellets,2016-08-01,10507.0,production
pellets,safflower_pellets,2016-08-01,3004.0,production
pellets,canola_pellets,2016-08-01,217.0,production
expellers,soybean_expellers,2016-08-01,63288.0,production
expellers,sunflower_expellers,2016-08-01,765.0,production
expellers,linen_expellers,2016-08-01,312.0,production
grains,soybean,2016-09-01,3541148.0,crush
grains,sunflower,2016-09-01,122460.0,crush
grains,linen,2016-09-01,917.0,crush
grains,peanut,2016-09-01,20125.0,crush
grains,cotton,2016-09-01,5047.0,crush
oil,soybean_oil,2016-09-01,699541.0,production
oil,sunflower_oil,2016-09-01,47821.0,production
oil,linen_oil,2016-09-01,318.0,production
oil,peanut_oil,2016-09-01,9114.0,production
oil,cotton_oil,2016-09-01,825.0,production
pellets,soybean_pellets,2016-09-01,2664894.0,production
pellets,sunflower_pellets,2016-09-01,53194.0,production
pellets,peanut_pellets,2016-09-01,12171.0,production
pellets,cotton_pellets,2016-09-01,4074.0,production
expellers,soybean_expellers,2016-09-01,61627.0,production
expellers,sunflower_expellers,2016-09-01,955.0,production
expellers,linen_expellers,2016-09-01,591.0,production
grains,soybean,2016-10-01,3705761.0,crush
grains,sunflower,2016-10-01,129406.0,crush
grains,linen,2016-10-01,430.0,crush
grains,peanut,2016-10-01,5764.0,crush
grains,cotton,2016-10-01,489.0,crush
grains,canola,2016-10-01,67.0,crush
oil,soybean_oil,2016-10-01,727427.0,production
oil,sunflower_oil,2016-10-01,52051.0,production
oil,linen_oil,2016-10-01,7.0,production
oil,peanut_oil,2016-10-01,2198.0,production
oil,cotton_oil,2016-10-01,44.0,production
pellets,soybean_pellets,2016-10-01,2795604.0,production
pellets,sunflower_pellets,2016-10-01,53348.0,production
pellets,peanut_pellets,2016-10-01,3642.0,production
pellets,cotton_pellets,2016-10-01,426.0,production
expellers,soybean_expellers,2016-10-01,57280.0,production
expellers,sunflower_expellers,2016-10-01,845.0,production
grains,soybean,2016-11-01,3645433.0,crush
grains,sunflower,2016-11-01,93321.0,crush
grains,linen,2016-11-01,560.0,crush
grains,peanut,2016-11-01,24790.0,crush
grains,cotton,2016-11-01,330.0,crush
grains,safflower,2016-11-01,759.0,crush
grains,canola,2016-11-01,72.0,crush
oil,soybean_oil,2016-11-01,707845.0,production
oil,sunflower_oil,2016-11-01,39301.0,production
oil,linen_oil,2016-11-01,45.0,production
oil,peanut_oil,2016-11-01,10437.0,production
oil,cotton_oil,2016-11-01,33.0,production
oil,safflower_oil,2016-11-01,265.0,production
oil,canola_oil,2016-11-01,27.0,production
pellets,soybean_pellets,2016-11-01,2739739.0,production
pellets,sunflower_pellets,2016-11-01,34843.0,production
pellets,peanut_pellets,2016-11-01,13403.0,production
pellets,cotton_pellets,2016-11-01,280.0,production
pellets,safflower_pellets,2016-11-01,443.0,production
pellets,canola_pellets,2016-11-01,56.0,production
expellers,soybean_expellers,2016-11-01,51235.0,production
expellers,sunflower_expellers,2016-11-01,636.0,production
expellers,linen_expellers,2016-11-01,91.0,production
grains,soybean,2016-12-01,3384255.0,crush
grains,sunflower,2016-12-01,139675.0,crush
grains,linen,2016-12-01,90.0,crush
grains,peanut,2016-12-01,23623.0,crush
grains,safflower,2016-12-01,10933.0,crush
grains,canola,2016-12-01,116.0,crush
oil,soybean_oil,2016-12-01,654827.0,production
oil,sunflower_oil,2016-12-01,54757.0,production
oil,peanut_oil,2016-12-01,9958.0,production
oil,safflower_oil,2016-12-01,3976.0,production
oil,canola_oil,2016-12-01,27.0,production
pellets,soybean_pellets,2016-12-01,2560452.0,production
pellets,sunflower_pellets,2016-12-01,55761.0,production
pellets,peanut_pellets,2016-12-01,12328.0,production
pellets,safflower_pellets,2016-12-01,6338.0,production
pellets,canola_pellets,2016-12-01,75.0,production
expellers,soybean_expellers,2016-12-01,47883.0,production
expellers,sunflower_expellers,2016-12-01,515.0,production
grains,soybean,2015-01-01,1792222.0,crush
grains,sunflower,2015-01-01,195625.0,crush
grains,linen,2015-01-01,50.0,crush
grains,peanut,2015-01-01,4569.0,crush
grains,safflower,2015-01-01,5511.0,crush
grains,canola,2015-01-01,13650.0,crush
oil,soybean_oil,2015-01-01,333315.0,production
oil,sunflower_oil,2015-01-01,80971.0,production
oil,linen_oil,2015-01-01,12.0,production
oil,peanut_oil,2015-01-01,2315.0,production
oil,safflower_oil,2015-01-01,2060.0,production
oil,canola_oil,2015-01-01,5772.0,production
pellets,soybean_pellets,2015-01-01,1327680.0,production
pellets,sunflower_pellets,2015-01-01,93212.0,production
pellets,peanut_pellets,2015-01-01,2964.0,production
pellets,safflower_pellets,2015-01-01,3367.0,production
pellets,canola_pellets,2015-01-01,7383.0,production
expellers,soybean_expellers,2015-01-01,49570.0,production
expellers,sunflower_expellers,2015-01-01,93.0,production
expellers,linen_expellers,2015-01-01,36.0,production
expellers,canola_expellers,2015-01-01,197.0,production
grains,soybean,2015-02-01,2110764.0,crush
grains,sunflower,2015-02-01,166264.0,crush
grains,linen,2015-02-01,370.0,crush
grains,peanut,2015-02-01,15418.0,crush
grains,safflower,2015-02-01,12245.0,crush
grains,canola,2015-02-01,453.0,crush
oil,soybean_oil,2015-02-01,398915.0,production
oil,sunflower_oil,2015-02-01,68966.0,production
oil,linen_oil,2015-02-01,94.0,production
oil,peanut_oil,2015-02-01,6227.0,production
oil,safflower_oil,2015-02-01,4375.0,production
oil,canola_oil,2015-02-01,136.0,production
pellets,soybean_pellets,2015-02-01,1580327.0,production
pellets,sunflower_pellets,2015-02-01,81511.0,production
pellets,peanut_pellets,2015-02-01,9113.0,production
pellets,safflower_pellets,2015-02-01,7750.0,production
pellets,canola_pellets,2015-02-01,180.0,production
expellers,soybean_expellers,2015-02-01,43758.0,production
expellers,sunflower_expellers,2015-02-01,223.0,production
expellers,linen_expellers,2015-02-01,259.0,production
expellers,canola_expellers,2015-02-01,121.0,production
grains,soybean,2015-03-01,2273908.0,crush
grains,sunflower,2015-03-01,428639.0,crush
grains,linen,2015-03-01,400.0,crush
grains,peanut,2015-03-01,5843.0,crush
grains,canola,2015-03-01,66.0,crush
oil,soybean_oil,2015-03-01,436286.0,production
oil,sunflower_oil,2015-03-01,179034.0,production
oil,linen_oil,2015-03-01,136.0,production
oil,peanut_oil,2015-03-01,1974.0,production
oil,canola_oil,2015-03-01,10.0,production
pellets,soybean_pellets,2015-03-01,1663645.0,production
pellets,sunflower_pellets,2015-03-01,184741.0,production
pellets,peanut_pellets,2015-03-01,3188.0,production
pellets,canola_pellets,2015-03-01,25.0,production
expellers,soybean_expellers,2015-03-01,50714.0,production
expellers,sunflower_expellers,2015-03-01,567.0,production
expellers,linen_expellers,2015-03-01,240.0,production
grains,soybean,2015-04-01,4254531.0,crush
grains,sunflower,2015-04-01,345134.0,crush
grains,linen,2015-04-01,200.0,crush
grains,peanut,2015-04-01,17685.0,crush
grains,safflower,2015-04-01,1084.0,crush
grains,canola,2015-04-01,341.0,crush
oil,soybean_oil,2015-04-01,833740.0,production
oil,sunflower_oil,2015-04-01,148111.0,production
oil,linen_oil,2015-04-01,68.0,production
oil,peanut_oil,2015-04-01,6635.0,production
oil,safflower_oil,2015-04-01,395.0,production
oil,canola_oil,2015-04-01,111.0,production
pellets,soybean_pellets,2015-04-01,3210732.0,production
pellets,sunflower_pellets,2015-04-01,145363.0,production
pellets,peanut_pellets,2015-04-01,9432.0,production
pellets,safflower_pellets,2015-04-01,669.0,production
pellets,canola_pellets,2015-04-01,132.0,production
expellers,soybean_expellers,2015-04-01,57363.0,production
expellers,sunflower_expellers,2015-04-01,780.0,production
expellers,linen_expellers,2015-04-01,120.0,production
expellers,canola_expellers,2015-04-01,78.0,production
grains,soybean,2015-05-01,3588586.0,crush
grains,sunflower,2015-05-01,95740.0,crush
grains,linen,2015-05-01,360.0,crush
grains,peanut,2015-05-01,22323.0,crush
grains,cotton,2015-05-01,330.0,crush
grains,canola,2015-05-01,433.0,crush
oil,soybean_oil,2015-05-01,693080.0,production
oil,sunflower_oil,2015-05-01,40430.0,production
oil,linen_oil,2015-05-01,108.0,production
oil,peanut_oil,2015-05-01,8959.0,production
oil,cotton_oil,2015-05-01,38.0,production
oil,canola_oil,2015-05-01,126.0,production
pellets,soybean_pellets,2015-05-01,2712118.0,production
pellets,sunflower_pellets,2015-05-01,39491.0,production
pellets,peanut_pellets,2015-05-01,12786.0,production
pellets,cotton_pellets,2015-05-01,288.0,production
pellets,canola_pellets,2015-05-01,270.0,production
expellers,soybean_expellers,2015-05-01,63061.0,production
expellers,sunflower_expellers,2015-05-01,1407.0,production
expellers,linen_expellers,2015-05-01,216.0,production
grains,soybean,2015-06-01,4531328.0,crush
grains,sunflower,2015-06-01,245595.0,crush
grains,peanut,2015-06-01,25492.0,crush
grains,cotton,2015-06-01,23301.0,crush
grains,canola,2015-06-01,32.0,crush
oil,soybean_oil,2015-06-01,872637.0,production
oil,sunflower_oil,2015-06-01,104879.0,production
oil,peanut_oil,2015-06-01,9921.0,production
oil,cotton_oil,2015-06-01,3764.0,production
oil,canola_oil,2015-06-01,9.0,production
pellets,soybean_pellets,2015-06-01,3419647.0,production
pellets,sunflower_pellets,2015-06-01,99033.0,production
pellets,peanut_pellets,2015-06-01,14410.0,production
pellets,cotton_pellets,2015-06-01,19072.0,production
pellets,canola_pellets,2015-06-01,18.0,production
expellers,soybean_expellers,2015-06-01,67326.0,production
expellers,sunflower_expellers,2015-06-01,1193.0,production
grains,soybean,2015-07-01,4768200.0,crush
grains,sunflower,2015-07-01,283996.0,crush
grains,linen,2015-07-01,140.0,crush
grains,peanut,2015-07-01,22234.0,crush
grains,cotton,2015-07-01,20835.0,crush
grains,canola,2015-07-01,235.0,crush
oil,soybean_oil,2015-07-01,917556.0,production
oil,sunflower_oil,2015-07-01,118318.0,production
oil,linen_oil,2015-07-01,42.0,production
oil,peanut_oil,2015-07-01,9497.0,production
oil,cotton_oil,2015-07-01,3410.0,production
oil,canola_oil,2015-07-01,13.0,production
pellets,soybean_pellets,2015-07-01,3632599.0,production
pellets,sunflower_pellets,2015-07-01,117542.0,production
pellets,peanut_pellets,2015-07-01,12498.0,production
pellets,cotton_pellets,2015-07-01,17007.0,production
pellets,canola_pellets,2015-07-01,23.0,production
expellers,soybean_expellers,2015-07-01,67682.0,production
expellers,sunflower_expellers,2015-07-01,1002.0,production
expellers,linen_expellers,2015-07-01,85.0,production
grains,soybean,2015-08-01,4270805.0,crush
grains,sunflower,2015-08-01,265382.0,crush
grains,linen,2015-08-01,50.0,crush
grains,peanut,2015-08-01,17397.0,crush
grains,cotton,2015-08-01,18449.0,crush
grains,canola,2015-08-01,589.0,crush
oil,soybean_oil,2015-08-01,816390.0,production
oil,sunflower_oil,2015-08-01,113513.0,production
oil,linen_oil,2015-08-01,17.0,production
oil,peanut_oil,2015-08-01,6872.0,production
oil,cotton_oil,2015-08-01,3089.0,production
oil,canola_oil,2015-08-01,56.0,production
pellets,soybean_pellets,2015-08-01,3217261.0,production
pellets,sunflower_pellets,2015-08-01,111197.0,production
pellets,peanut_pellets,2015-08-01,9451.0,production
pellets,cotton_pellets,2015-08-01,14990.0,production
pellets,canola_pellets,2015-08-01,28.0,production
expellers,soybean_expellers,2015-08-01,66628.0,production
expellers,sunflower_expellers,2015-08-01,1061.0,production
expellers,linen_expellers,2015-08-01,30.0,production
expellers,canola_expellers,2015-08-01,278.0,production
grains,soybean,2015-09-01,3830531.0,crush
grains,sunflower,2015-09-01,191515.0,crush
grains,linen,2015-09-01,500.0,crush
grains,peanut,2015-09-01,21533.0,crush
grains,cotton,2015-09-01,12270.0,crush
grains,canola,2015-09-01,210.0,crush
oil,soybean_oil,2015-09-01,740294.0,production
oil,sunflower_oil,2015-09-01,82324.0,production
oil,linen_oil,2015-09-01,150.0,production
oil,peanut_oil,2015-09-01,8451.0,production
oil,cotton_oil,2015-09-01,1937.0,production
oil,canola_oil,2015-09-01,87.0,production
pellets,soybean_pellets,2015-09-01,2857385.0,production
pellets,sunflower_pellets,2015-09-01,81300.0,production
pellets,peanut_pellets,2015-09-01,11737.0,production
pellets,cotton_pellets,2015-09-01,10083.0,production
pellets,canola_pellets,2015-09-01,10.0,production
expellers,soybean_expellers,2015-09-01,65635.0,production
expellers,sunflower_expellers,2015-09-01,836.0,production
expellers,linen_expellers,2015-09-01,325.0,production
expellers,canola_expellers,2015-09-01,534.0,production
grains,soybean,2015-10-01,3892371.0,crush
grains,sunflower,2015-10-01,123299.0,crush
grains,linen,2015-10-01,550.0,crush
grains,peanut,2015-10-01,4045.0,crush
grains,cotton,2015-10-01,20476.0,crush
grains,canola,2015-10-01,483.0,crush
oil,soybean_oil,2015-10-01,752035.0,production
oil,sunflower_oil,2015-10-01,52597.0,production
oil,linen_oil,2015-10-01,187.0,production
oil,peanut_oil,2015-10-01,1878.0,production
oil,cotton_oil,2015-10-01,2921.0,production
oil,canola_oil,2015-10-01,163.0,production
pellets,soybean_pellets,2015-10-01,2923441.0,production
pellets,sunflower_pellets,2015-10-01,52908.0,production
pellets,peanut_pellets,2015-10-01,2817.0,production
pellets,cotton_pellets,2015-10-01,17139.0,production
pellets,canola_pellets,2015-10-01,282.0,production
expellers,soybean_expellers,2015-10-01,64596.0,production
expellers,sunflower_expellers,2015-10-01,1018.0,production
expellers,linen_expellers,2015-10-01,330.0,production
grains,soybean,2015-11-01,3006109.0,crush
grains,sunflower,2015-11-01,129689.0,crush
grains,linen,2015-11-01,341.0,crush
grains,peanut,2015-11-01,22629.0,crush
grains,cotton,2015-11-01,17113.0,crush
grains,safflower,2015-11-01,1974.0,crush
grains,canola,2015-11-01,288.0,crush
oil,soybean_oil,2015-11-01,588717.0,production
oil,sunflower_oil,2015-11-01,54598.0,production
oil,linen_oil,2015-11-01,114.0,production
oil,peanut_oil,2015-11-01,8940.0,production
oil,cotton_oil,2015-11-01,2378.0,production
oil,safflower_oil,2015-11-01,678.0,production
oil,canola_oil,2015-11-01,9.0,production
pellets,soybean_pellets,2015-11-01,2256674.0,production
pellets,sunflower_pellets,2015-11-01,45756.0,production
pellets,peanut_pellets,2015-11-01,12320.0,production
pellets,cotton_pellets,2015-11-01,14387.0,production
pellets,safflower_pellets,2015-11-01,1322.0,production
pellets,canola_pellets,2015-11-01,16.0,production
expellers,soybean_expellers,2015-11-01,51077.0,production
expellers,sunflower_expellers,2015-11-01,797.0,production
expellers,linen_expellers,2015-11-01,205.0,production
grains,soybean,2015-12-01,2620964.0,crush
grains,sunflower,2015-12-01,159828.0,crush
grains,peanut,2015-12-01,25668.0,crush
grains,cotton,2015-12-01,5541.0,crush
grains,safflower,2015-12-01,16378.0,crush
grains,canola,2015-12-01,327.0,crush
oil,soybean_oil,2015-12-01,512942.0,production
oil,sunflower_oil,2015-12-01,65321.0,production
oil,peanut_oil,2015-12-01,11242.0,production
oil,cotton_oil,2015-12-01,844.0,production
oil,safflower_oil,2015-12-01,5697.0,production
oil,canola_oil,2015-12-01,120.0,production
pellets,soybean_pellets,2015-12-01,1974138.0,production
pellets,sunflower_pellets,2015-12-01,63052.0,production
pellets,peanut_pellets,2015-12-01,14086.0,production
pellets,cotton_pellets,2015-12-01,17775.0,production
pellets,safflower_pellets,2015-12-01,10366.0,production
pellets,canola_pellets,2015-12-01,197.0,production
expellers,soybean_expellers,2015-12-01,56464.0,production
expellers,sunflower_expellers,2015-12-01,506.0,production
